f;p;d;h;R;Ct;zone;htg;hrg;pol;phi_t;phi_r;lam_t;lam_r;azimuth;distance_ring;tx_id
0.9;50;[0, 0.03];[16, 16];[15.0, 15.0];[4, 4];[3, 3];57;10;1;9.345266164257572;9.345266164257572;-13.406987563175127;-13.406987563175127;350.0;0.0;TX_0001
0.9;50;[0, 0.03, 0.06, 0.09, 0.12, 0.15, 0.18, 0.21, 0.24, 0.27, 0.3, 0.32999999999999996, 0.36, 0.39, 0.42, 0.44999999999999996, 0.48, 0.51, 0.54, 0.57, 0.6, 0.63, 0.6599999999999999, 0.69, 0.72, 0.75, 0.78, 0.8099999999999999, 0.84, 0.87, 0.8999999999999999, 0.9299999999999999, 0.96, 0.99, 1.02, 1.05];[16, 16, 17, 17, 17, 18, 18, 18, 18, 19, 19, 19, 20, 20, 20, 20, 21, 21, 21, 22, 22, 22, 23, 23, 23, 24, 24, 24, 24, 25, 25, 25, 26, 26, 26, 26];[15.0, 15.0, 15.0, 15.0, 15.0, 15.0, 15.0, 15.0, 15.0, 15.0, 15.0, 15.0, 15.0, 15.0, 15.0, 15.0, 15.0, 15.0, 15.0, 15.0, 15.0, 15.0, 15.0, 15.0, 15.0, 15.0, 15.0, 15.0, 15.0, 15.0, 15.0, 15.0, 15.0, 15.0, 15.0, 15.0];[4, 4, 4, 4, 4, 4, 4, 4, 4, 4, 4, 4, 4, 4, 4, 4, 4, 4, 4, 4, 4, 4, 4, 4, 4, 4, 4, 4, 4, 4, 4, 4, 4, 4, 4, 4];[3, 3, 3, 3, 3, 3, 3, 3, 3, 3, 3, 3, 3, 3, 3, 3, 3, 3, 3, 3, 3, 3, 3, 3, 3, 3, 3, 3, 3, 3, 3, 3, 3, 3, 3, 3];57;10;1;9.345266164257572;9.354315749014981;-13.406987563175127;-13.408604711129408;350.0;1.0;TX_0001
0.9;50;[0, 0.03, 0.06, 0.09, 0.12, 0.15, 0.18, 0.21, 0.24, 0.27, 0.3, 0.32999999999999996, 0.36, 0.39, 0.42, 0.44999999999999996, 0.48, 0.51, 0.54, 0.57, 0.6, 0.63, 0.6599999999999999, 0.69, 0.72, 0.75, 0.78, 0.8099999999999999, 0.84, 0.87, 0.8999999999999999, 0.9299999999999999, 0.96, 0.99, 1.02, 1.05, 1.08, 1.1099999999999999, 1.14, 1.17, 1.2, 1.23, 1.26, 1.29, 1.3199999999999998, 1.3499999999999999, 1.38, 1.41, 1.44, 1.47, 1.5, 1.53, 1.56, 1.5899999999999999, 1.6199999999999999, 1.65, 1.68, 1.71, 1.74, 1.77, 1.7999999999999998, 1.8299999999999998, 1.8599999999999999, 1.89, 1.92, 1.95, 1.98, 2.01, 2.04];[16, 16, 17, 17, 17, 18, 18, 18, 18, 19, 19, 19, 20, 20, 20, 20, 21, 21, 21, 22, 22, 22, 23, 23, 23, 24, 24, 24, 24, 25, 25, 25, 26, 26, 26, 26, 27, 27, 27, 28, 28, 28, 29, 29, 29, 30, 30, 30, 30, 31, 31, 31, 32, 32, 32, 32, 33, 33, 33, 34, 34, 34, 35, 35, 35, 36, 36, 36, 36];[15.0, 15.0, 15.0, 15.0, 15.0, 15.0, 15.0, 15.0, 15.0, 15.0, 15.0, 15.0, 15.0, 15.0, 15.0, 15.0, 15.0, 15.0, 15.0, 15.0, 15.0, 15.0, 15.0, 15.0, 15.0, 15.0, 15.0, 15.0, 15.0, 15.0, 15.0, 15.0, 15.0, 15.0, 15.0, 15.0, 15.0, 15.0, 15.0, 15.0, 15.0, 15.0, 15.0, 15.0, 15.0, 15.0, 15.0, 15.0, 15.0, 15.0, 15.0, 15.0, 15.0, 15.0, 15.0, 15.0, 15.0, 15.0, 15.0, 15.0, 15.0, 15.0, 15.0, 15.0, 15.0, 15.0, 15.0, 15.0, 15.0];[4, 4, 4, 4, 4, 4, 4, 4, 4, 4, 4, 4, 4, 4, 4, 4, 4, 4, 4, 4, 4, 4, 4, 4, 4, 4, 4, 4, 4, 4, 4, 4, 4, 4, 4, 4, 4, 4, 4, 4, 4, 4, 4, 4, 4, 4, 4, 4, 4, 4, 4, 4, 4, 4, 4, 4, 4, 4, 4, 4, 4, 4, 4, 4, 4, 4, 4, 4, 4];[3, 3, 3, 3, 3, 3, 3, 3, 3, 3, 3, 3, 3, 3, 3, 3, 3, 3, 3, 3, 3, 3, 3, 3, 3, 3, 3, 3, 3, 3, 3, 3, 3, 3, 3, 3, 3, 3, 3, 3, 3, 3, 3, 3, 3, 3, 3, 3, 3, 3, 3, 3, 3, 3, 3, 3, 3, 3, 3, 3, 3, 3, 3, 3, 3, 3, 3, 3, 3];57;10;1;9.345266164257572;9.36309916951482;-13.406987563175127;-13.410174295908563;350.0;2.0;TX_0001
0.9;50;[0, 0.03, 0.06, 0.09, 0.12, 0.15, 0.18, 0.21, 0.24, 0.27, 0.3, 0.32999999999999996, 0.36, 0.39, 0.42, 0.44999999999999996, 0.48, 0.51, 0.54, 0.57, 0.6, 0.63, 0.6599999999999999, 0.69, 0.72, 0.75, 0.78, 0.8099999999999999, 0.84, 0.87, 0.8999999999999999, 0.9299999999999999, 0.96, 0.99, 1.02, 1.05, 1.08, 1.1099999999999999, 1.14, 1.17, 1.2, 1.23, 1.26, 1.29, 1.3199999999999998, 1.3499999999999999, 1.38, 1.41, 1.44, 1.47, 1.5, 1.53, 1.56, 1.5899999999999999, 1.6199999999999999, 1.65, 1.68, 1.71, 1.74, 1.77, 1.7999999999999998, 1.8299999999999998, 1.8599999999999999, 1.89, 1.92, 1.95, 1.98, 2.01, 2.04, 2.07, 2.1, 2.13, 2.16, 2.19, 2.2199999999999998, 2.25, 2.28, 2.31, 2.34, 2.37, 2.4, 2.4299999999999997, 2.46, 2.4899999999999998, 2.52, 2.55, 2.58, 2.61, 2.6399999999999997, 2.67, 2.6999999999999997, 2.73, 2.76, 2.79, 2.82, 2.85, 2.88, 2.9099999999999997, 2.94, 2.9699999999999998, 3.0, 3.03];[16, 16, 17, 17, 17, 18, 18, 18, 18, 19, 19, 19, 20, 20, 20, 20, 21, 21, 21, 22, 22, 22, 23, 23, 23, 24, 24, 24, 24, 25, 25, 25, 26, 26, 26, 26, 27, 27, 27, 28, 28, 28, 29, 29, 29, 30, 30, 30, 30, 31, 31, 31, 32, 32, 32, 32, 33, 33, 33, 34, 34, 34, 35, 35, 35, 36, 36, 36, 36, 37, 37, 37, 38, 38, 38, 38, 39, 39, 39, 40, 40, 40, 41, 41, 41, 42, 42, 42, 42, 43, 43, 43, 44, 44, 44, 44, 45, 45, 45, 46, 46, 46];[15.0, 15.0, 15.0, 15.0, 15.0, 15.0, 15.0, 15.0, 15.0, 15.0, 15.0, 15.0, 15.0, 15.0, 15.0, 15.0, 15.0, 15.0, 15.0, 15.0, 15.0, 15.0, 15.0, 15.0, 15.0, 15.0, 15.0, 15.0, 15.0, 15.0, 15.0, 15.0, 15.0, 15.0, 15.0, 15.0, 15.0, 15.0, 15.0, 15.0, 15.0, 15.0, 15.0, 15.0, 15.0, 15.0, 15.0, 15.0, 15.0, 15.0, 15.0, 15.0, 15.0, 15.0, 15.0, 15.0, 15.0, 15.0, 15.0, 15.0, 15.0, 15.0, 15.0, 15.0, 15.0, 15.0, 15.0, 15.0, 15.0, 15.0, 15.0, 15.0, 15.0, 15.0, 15.0, 15.0, 15.0, 15.0, 15.0, 15.0, 15.0, 15.0, 15.0, 15.0, 15.0, 15.0, 15.0, 15.0, 15.0, 15.0, 15.0, 15.0, 15.0, 15.0, 15.0, 15.0, 15.0, 15.0, 15.0, 15.0, 15.0, 15.0];[4, 4, 4, 4, 4, 4, 4, 4, 4, 4, 4, 4, 4, 4, 4, 4, 4, 4, 4, 4, 4, 4, 4, 4, 4, 4, 4, 4, 4, 4, 4, 4, 4, 4, 4, 4, 4, 4, 4, 4, 4, 4, 4, 4, 4, 4, 4, 4, 4, 4, 4, 4, 4, 4, 4, 4, 4, 4, 4, 4, 4, 4, 4, 4, 4, 4, 4, 4, 4, 4, 4, 4, 4, 4, 4, 4, 4, 4, 4, 4, 4, 4, 4, 4, 4, 4, 4, 4, 4, 4, 4, 4, 4, 4, 4, 4, 4, 4, 4, 4, 4, 4];[3, 3, 3, 3, 3, 3, 3, 3, 3, 3, 3, 3, 3, 3, 3, 3, 3, 3, 3, 3, 3, 3, 3, 3, 3, 3, 3, 3, 3, 3, 3, 3, 3, 3, 3, 3, 3, 3, 3, 3, 3, 3, 3, 3, 3, 3, 3, 3, 3, 3, 3, 3, 3, 3, 3, 3, 3, 3, 3, 3, 3, 3, 3, 3, 3, 3, 3, 3, 3, 3, 3, 3, 3, 3, 3, 3, 3, 3, 3, 3, 3, 3, 3, 3, 3, 3, 3, 3, 3, 3, 3, 3, 3, 3, 3, 3, 3, 3, 3, 3, 3, 3];57;10;1;9.345266164257572;9.371882590014659;-13.406987563175127;-13.411743880687718;350.0;3.0;TX_0001
0.9;50;[0, 0.03, 0.06, 0.09, 0.12, 0.15, 0.18, 0.21, 0.24, 0.27, 0.3, 0.32999999999999996, 0.36, 0.39, 0.42, 0.44999999999999996, 0.48, 0.51, 0.54, 0.57, 0.6, 0.63, 0.6599999999999999, 0.69, 0.72, 0.75, 0.78, 0.8099999999999999, 0.84, 0.87, 0.8999999999999999, 0.9299999999999999, 0.96, 0.99, 1.02, 1.05, 1.08, 1.1099999999999999, 1.14, 1.17, 1.2, 1.23, 1.26, 1.29, 1.3199999999999998, 1.3499999999999999, 1.38, 1.41, 1.44, 1.47, 1.5, 1.53, 1.56, 1.5899999999999999, 1.6199999999999999, 1.65, 1.68, 1.71, 1.74, 1.77, 1.7999999999999998, 1.8299999999999998, 1.8599999999999999, 1.89, 1.92, 1.95, 1.98, 2.01, 2.04, 2.07, 2.1, 2.13, 2.16, 2.19, 2.2199999999999998, 2.25, 2.28, 2.31, 2.34, 2.37, 2.4, 2.4299999999999997, 2.46, 2.4899999999999998, 2.52, 2.55, 2.58, 2.61, 2.6399999999999997, 2.67, 2.6999999999999997, 2.73, 2.76, 2.79, 2.82, 2.85, 2.88, 2.9099999999999997, 2.94, 2.9699999999999998, 3.0, 3.03, 3.06, 3.09, 3.12, 3.15, 3.1799999999999997, 3.21, 3.2399999999999998, 3.27, 3.3, 3.33, 3.36, 3.3899999999999997, 3.42, 3.4499999999999997, 3.48, 3.51, 3.54, 3.57, 3.5999999999999996, 3.63, 3.6599999999999997, 3.69, 3.7199999999999998, 3.75, 3.78, 3.81, 3.84, 3.8699999999999997, 3.9, 3.9299999999999997, 3.96, 3.9899999999999998, 4.02, 4.05];[16, 16, 17, 17, 17, 18, 18, 18, 18, 19, 19, 19, 20, 20, 20, 20, 21, 21, 21, 22, 22, 22, 23, 23, 23, 24, 24, 24, 24, 25, 25, 25, 26, 26, 26, 26, 27, 27, 27, 28, 28, 28, 29, 29, 29, 30, 30, 30, 30, 31, 31, 31, 32, 32, 32, 32, 33, 33, 33, 34, 34, 34, 35, 35, 35, 36, 36, 36, 36, 37, 37, 37, 38, 38, 38, 38, 39, 39, 39, 40, 40, 40, 41, 41, 41, 42, 42, 42, 42, 43, 43, 43, 44, 44, 44, 44, 45, 45, 45, 46, 46, 46, 47, 47, 47, 48, 48, 48, 48, 49, 49, 49, 50, 50, 50, 50, 51, 51, 51, 52, 52, 52, 53, 53, 53, 54, 54, 54, 54, 55, 55, 55, 56, 56, 56, 56];[15.0, 15.0, 15.0, 15.0, 15.0, 15.0, 15.0, 15.0, 15.0, 15.0, 15.0, 15.0, 15.0, 15.0, 15.0, 15.0, 15.0, 15.0, 15.0, 15.0, 15.0, 15.0, 15.0, 15.0, 15.0, 15.0, 15.0, 15.0, 15.0, 15.0, 15.0, 15.0, 15.0, 15.0, 15.0, 15.0, 15.0, 15.0, 15.0, 15.0, 15.0, 15.0, 15.0, 15.0, 15.0, 15.0, 15.0, 15.0, 15.0, 15.0, 15.0, 15.0, 15.0, 15.0, 15.0, 15.0, 15.0, 15.0, 15.0, 15.0, 15.0, 15.0, 15.0, 15.0, 15.0, 15.0, 15.0, 15.0, 15.0, 15.0, 15.0, 15.0, 15.0, 15.0, 15.0, 15.0, 15.0, 15.0, 15.0, 15.0, 15.0, 15.0, 15.0, 15.0, 15.0, 15.0, 15.0, 15.0, 15.0, 15.0, 15.0, 15.0, 15.0, 15.0, 15.0, 15.0, 15.0, 15.0, 15.0, 15.0, 15.0, 15.0, 15.0, 15.0, 15.0, 15.0, 15.0, 15.0, 15.0, 15.0, 15.0, 15.0, 15.0, 15.0, 15.0, 15.0, 15.0, 15.0, 15.0, 15.0, 15.0, 15.0, 15.0, 15.0, 15.0, 15.0, 15.0, 15.0, 15.0, 15.0, 15.0, 15.0, 15.0, 15.0, 15.0, 15.0];[4, 4, 4, 4, 4, 4, 4, 4, 4, 4, 4, 4, 4, 4, 4, 4, 4, 4, 4, 4, 4, 4, 4, 4, 4, 4, 4, 4, 4, 4, 4, 4, 4, 4, 4, 4, 4, 4, 4, 4, 4, 4, 4, 4, 4, 4, 4, 4, 4, 4, 4, 4, 4, 4, 4, 4, 4, 4, 4, 4, 4, 4, 4, 4, 4, 4, 4, 4, 4, 4, 4, 4, 4, 4, 4, 4, 4, 4, 4, 4, 4, 4, 4, 4, 4, 4, 4, 4, 4, 4, 4, 4, 4, 4, 4, 4, 4, 4, 4, 4, 4, 4, 4, 4, 4, 4, 4, 4, 4, 4, 4, 4, 4, 4, 4, 4, 4, 4, 4, 4, 4, 4, 4, 4, 4, 4, 4, 4, 4, 4, 4, 4, 4, 4, 4, 4];[3, 3, 3, 3, 3, 3, 3, 3, 3, 3, 3, 3, 3, 3, 3, 3, 3, 3, 3, 3, 3, 3, 3, 3, 3, 3, 3, 3, 3, 3, 3, 3, 3, 3, 3, 3, 3, 3, 3, 3, 3, 3, 3, 3, 3, 3, 3, 3, 3, 3, 3, 3, 3, 3, 3, 3, 3, 3, 3, 3, 3, 3, 3, 3, 3, 3, 3, 3, 3, 3, 3, 3, 3, 3, 3, 3, 3, 3, 3, 3, 3, 3, 3, 3, 3, 3, 3, 3, 3, 3, 3, 3, 3, 3, 3, 3, 3, 3, 3, 3, 3, 3, 3, 3, 3, 3, 3, 3, 3, 3, 3, 3, 3, 3, 3, 3, 3, 3, 3, 3, 3, 3, 3, 3, 3, 3, 3, 3, 3, 3, 3, 3, 3, 3, 3, 3];57;10;1;9.345266164257572;9.380932174772068;-13.406987563175127;-13.413361028641999;350.0;4.0;TX_0001
0.9;50;[0, 0.03, 0.06, 0.09, 0.12, 0.15, 0.18, 0.21, 0.24, 0.27, 0.3, 0.32999999999999996, 0.36, 0.39, 0.42, 0.44999999999999996, 0.48, 0.51, 0.54, 0.57, 0.6, 0.63, 0.6599999999999999, 0.69, 0.72, 0.75, 0.78, 0.8099999999999999, 0.84, 0.87, 0.8999999999999999, 0.9299999999999999, 0.96, 0.99, 1.02, 1.05, 1.08, 1.1099999999999999, 1.14, 1.17, 1.2, 1.23, 1.26, 1.29, 1.3199999999999998, 1.3499999999999999, 1.38, 1.41, 1.44, 1.47, 1.5, 1.53, 1.56, 1.5899999999999999, 1.6199999999999999, 1.65, 1.68, 1.71, 1.74, 1.77, 1.7999999999999998, 1.8299999999999998, 1.8599999999999999, 1.89, 1.92, 1.95, 1.98, 2.01, 2.04, 2.07, 2.1, 2.13, 2.16, 2.19, 2.2199999999999998, 2.25, 2.28, 2.31, 2.34, 2.37, 2.4, 2.4299999999999997, 2.46, 2.4899999999999998, 2.52, 2.55, 2.58, 2.61, 2.6399999999999997, 2.67, 2.6999999999999997, 2.73, 2.76, 2.79, 2.82, 2.85, 2.88, 2.9099999999999997, 2.94, 2.9699999999999998, 3.0, 3.03, 3.06, 3.09, 3.12, 3.15, 3.1799999999999997, 3.21, 3.2399999999999998, 3.27, 3.3, 3.33, 3.36, 3.3899999999999997, 3.42, 3.4499999999999997, 3.48, 3.51, 3.54, 3.57, 3.5999999999999996, 3.63, 3.6599999999999997, 3.69, 3.7199999999999998, 3.75, 3.78, 3.81, 3.84, 3.8699999999999997, 3.9, 3.9299999999999997, 3.96, 3.9899999999999998, 4.02, 4.05, 4.08, 4.109999999999999, 4.14, 4.17, 4.2, 4.2299999999999995, 4.26, 4.29, 4.32, 4.35, 4.38, 4.41, 4.4399999999999995, 4.47, 4.5, 4.53, 4.56, 4.59, 4.62, 4.6499999999999995, 4.68, 4.71, 4.74, 4.77, 4.8, 4.83, 4.859999999999999, 4.89, 4.92, 4.95, 4.9799999999999995, 5.01, 5.04];[16, 16, 17, 17, 17, 18, 18, 18, 18, 19, 19, 19, 20, 20, 20, 20, 21, 21, 21, 22, 22, 22, 23, 23, 23, 24, 24, 24, 24, 25, 25, 25, 26, 26, 26, 26, 27, 27, 27, 28, 28, 28, 29, 29, 29, 30, 30, 30, 30, 31, 31, 31, 32, 32, 32, 32, 33, 33, 33, 34, 34, 34, 35, 35, 35, 36, 36, 36, 36, 37, 37, 37, 38, 38, 38, 38, 39, 39, 39, 40, 40, 40, 41, 41, 41, 42, 42, 42, 42, 43, 43, 43, 44, 44, 44, 44, 45, 45, 45, 46, 46, 46, 47, 47, 47, 48, 48, 48, 48, 49, 49, 49, 50, 50, 50, 50, 51, 51, 51, 52, 52, 52, 53, 53, 53, 54, 54, 54, 54, 55, 55, 55, 56, 56, 56, 56, 57, 57, 57, 58, 58, 58, 59, 59, 59, 60, 60, 60, 60, 61, 61, 61, 62, 62, 62, 62, 63, 63, 63, 64, 64, 64, 65, 65, 65, 66, 66, 66, 66];[15.0, 15.0, 15.0, 15.0, 15.0, 15.0, 15.0, 15.0, 15.0, 15.0, 15.0, 15.0, 15.0, 15.0, 15.0, 15.0, 15.0, 15.0, 15.0, 15.0, 15.0, 15.0, 15.0, 15.0, 15.0, 15.0, 15.0, 15.0, 15.0, 15.0, 15.0, 15.0, 15.0, 15.0, 15.0, 15.0, 15.0, 15.0, 15.0, 15.0, 15.0, 15.0, 15.0, 15.0, 15.0, 15.0, 15.0, 15.0, 15.0, 15.0, 15.0, 15.0, 15.0, 15.0, 15.0, 15.0, 15.0, 15.0, 15.0, 15.0, 15.0, 15.0, 15.0, 15.0, 15.0, 15.0, 15.0, 15.0, 15.0, 15.0, 15.0, 15.0, 15.0, 15.0, 15.0, 15.0, 15.0, 15.0, 15.0, 15.0, 15.0, 15.0, 15.0, 15.0, 15.0, 15.0, 15.0, 15.0, 15.0, 15.0, 15.0, 15.0, 15.0, 15.0, 15.0, 15.0, 15.0, 15.0, 15.0, 15.0, 15.0, 15.0, 15.0, 15.0, 15.0, 15.0, 15.0, 15.0, 15.0, 15.0, 15.0, 15.0, 15.0, 15.0, 15.0, 15.0, 15.0, 15.0, 15.0, 15.0, 15.0, 15.0, 15.0, 15.0, 15.0, 15.0, 15.0, 15.0, 15.0, 15.0, 15.0, 15.0, 15.0, 15.0, 15.0, 15.0, 15.0, 15.0, 15.0, 15.0, 15.0, 15.0, 15.0, 15.0, 15.0, 15.0, 15.0, 15.0, 15.0, 15.0, 15.0, 15.0, 15.0, 15.0, 15.0, 15.0, 15.0, 15.0, 15.0, 15.0, 15.0, 15.0, 15.0, 15.0, 15.0, 15.0, 15.0, 15.0, 15.0];[4, 4, 4, 4, 4, 4, 4, 4, 4, 4, 4, 4, 4, 4, 4, 4, 4, 4, 4, 4, 4, 4, 4, 4, 4, 4, 4, 4, 4, 4, 4, 4, 4, 4, 4, 4, 4, 4, 4, 4, 4, 4, 4, 4, 4, 4, 4, 4, 4, 4, 4, 4, 4, 4, 4, 4, 4, 4, 4, 4, 4, 4, 4, 4, 4, 4, 4, 4, 4, 4, 4, 4, 4, 4, 4, 4, 4, 4, 4, 4, 4, 4, 4, 4, 4, 4, 4, 4, 4, 4, 4, 4, 4, 4, 4, 4, 4, 4, 4, 4, 4, 4, 4, 4, 4, 4, 4, 4, 4, 4, 4, 4, 4, 4, 4, 4, 4, 4, 4, 4, 4, 4, 4, 4, 4, 4, 4, 4, 4, 4, 4, 4, 4, 4, 4, 4, 4, 4, 4, 4, 4, 4, 4, 4, 4, 4, 4, 4, 4, 4, 4, 4, 4, 4, 4, 4, 4, 4, 4, 4, 4, 4, 4, 4, 4, 4, 4, 4, 4];[3, 3, 3, 3, 3, 3, 3, 3, 3, 3, 3, 3, 3, 3, 3, 3, 3, 3, 3, 3, 3, 3, 3, 3, 3, 3, 3, 3, 3, 3, 3, 3, 3, 3, 3, 3, 3, 3, 3, 3, 3, 3, 3, 3, 3, 3, 3, 3, 3, 3, 3, 3, 3, 3, 3, 3, 3, 3, 3, 3, 3, 3, 3, 3, 3, 3, 3, 3, 3, 3, 3, 3, 3, 3, 3, 3, 3, 3, 3, 3, 3, 3, 3, 3, 3, 3, 3, 3, 3, 3, 3, 3, 3, 3, 3, 3, 3, 3, 3, 3, 3, 3, 3, 3, 3, 3, 3, 3, 3, 3, 3, 3, 3, 3, 3, 3, 3, 3, 3, 3, 3, 3, 3, 3, 3, 3, 3, 3, 3, 3, 3, 3, 3, 3, 3, 3, 3, 3, 3, 3, 3, 3, 3, 3, 3, 3, 3, 3, 3, 3, 3, 3, 3, 3, 3, 3, 3, 3, 3, 3, 3, 3, 3, 3, 3, 3, 3, 3, 3];57;10;1;9.345266164257572;9.389715595271907;-13.406987563175127;-13.414930613421154;350.0;5.0;TX_0001
0.9;50;[0, 0.03, 0.06, 0.09, 0.12, 0.15, 0.18, 0.21, 0.24, 0.27, 0.3, 0.32999999999999996, 0.36, 0.39, 0.42, 0.44999999999999996, 0.48, 0.51, 0.54, 0.57, 0.6, 0.63, 0.6599999999999999, 0.69, 0.72, 0.75, 0.78, 0.8099999999999999, 0.84, 0.87, 0.8999999999999999, 0.9299999999999999, 0.96, 0.99, 1.02, 1.05, 1.08, 1.1099999999999999, 1.14, 1.17, 1.2, 1.23, 1.26, 1.29, 1.3199999999999998, 1.3499999999999999, 1.38, 1.41, 1.44, 1.47, 1.5, 1.53, 1.56, 1.5899999999999999, 1.6199999999999999, 1.65, 1.68, 1.71, 1.74, 1.77, 1.7999999999999998, 1.8299999999999998, 1.8599999999999999, 1.89, 1.92, 1.95, 1.98, 2.01, 2.04, 2.07, 2.1, 2.13, 2.16, 2.19, 2.2199999999999998, 2.25, 2.28, 2.31, 2.34, 2.37, 2.4, 2.4299999999999997, 2.46, 2.4899999999999998, 2.52, 2.55, 2.58, 2.61, 2.6399999999999997, 2.67, 2.6999999999999997, 2.73, 2.76, 2.79, 2.82, 2.85, 2.88, 2.9099999999999997, 2.94, 2.9699999999999998, 3.0, 3.03, 3.06, 3.09, 3.12, 3.15, 3.1799999999999997, 3.21, 3.2399999999999998, 3.27, 3.3, 3.33, 3.36, 3.3899999999999997, 3.42, 3.4499999999999997, 3.48, 3.51, 3.54, 3.57, 3.5999999999999996, 3.63, 3.6599999999999997, 3.69, 3.7199999999999998, 3.75, 3.78, 3.81, 3.84, 3.8699999999999997, 3.9, 3.9299999999999997, 3.96, 3.9899999999999998, 4.02, 4.05, 4.08, 4.109999999999999, 4.14, 4.17, 4.2, 4.2299999999999995, 4.26, 4.29, 4.32, 4.35, 4.38, 4.41, 4.4399999999999995, 4.47, 4.5, 4.53, 4.56, 4.59, 4.62, 4.6499999999999995, 4.68, 4.71, 4.74, 4.77, 4.8, 4.83, 4.859999999999999, 4.89, 4.92, 4.95, 4.9799999999999995, 5.01, 5.04, 5.069999999999999, 5.1, 5.13, 5.16, 5.1899999999999995, 5.22, 5.25, 5.279999999999999, 5.31, 5.34, 5.37, 5.3999999999999995, 5.43, 5.46, 5.49, 5.52, 5.55, 5.58, 5.609999999999999, 5.64, 5.67, 5.7, 5.7299999999999995, 5.76, 5.79, 5.819999999999999, 5.85, 5.88, 5.91, 5.9399999999999995, 5.97, 6.0, 6.029999999999999];[16, 16, 17, 17, 17, 18, 18, 18, 18, 19, 19, 19, 20, 20, 20, 20, 21, 21, 21, 22, 22, 22, 23, 23, 23, 24, 24, 24, 24, 25, 25, 25, 26, 26, 26, 26, 27, 27, 27, 28, 28, 28, 29, 29, 29, 30, 30, 30, 30, 31, 31, 31, 32, 32, 32, 32, 33, 33, 33, 34, 34, 34, 35, 35, 35, 36, 36, 36, 36, 37, 37, 37, 38, 38, 38, 38, 39, 39, 39, 40, 40, 40, 41, 41, 41, 42, 42, 42, 42, 43, 43, 43, 44, 44, 44, 44, 45, 45, 45, 46, 46, 46, 47, 47, 47, 48, 48, 48, 48, 49, 49, 49, 50, 50, 50, 50, 51, 51, 51, 52, 52, 52, 53, 53, 53, 54, 54, 54, 54, 55, 55, 55, 56, 56, 56, 56, 57, 57, 57, 58, 58, 58, 59, 59, 59, 60, 60, 60, 60, 61, 61, 61, 62, 62, 62, 62, 63, 63, 63, 64, 64, 64, 65, 65, 65, 66, 66, 66, 66, 67, 67, 67, 68, 68, 68, 68, 69, 69, 69, 70, 70, 70, 71, 71, 71, 72, 72, 72, 72, 73, 73, 73, 74, 74, 74, 74, 75, 75, 75, 76, 76, 76];[15.0, 15.0, 15.0, 15.0, 15.0, 15.0, 15.0, 15.0, 15.0, 15.0, 15.0, 15.0, 15.0, 15.0, 15.0, 15.0, 15.0, 15.0, 15.0, 15.0, 15.0, 15.0, 15.0, 15.0, 15.0, 15.0, 15.0, 15.0, 15.0, 15.0, 15.0, 15.0, 15.0, 15.0, 15.0, 15.0, 15.0, 15.0, 15.0, 15.0, 15.0, 15.0, 15.0, 15.0, 15.0, 15.0, 15.0, 15.0, 15.0, 15.0, 15.0, 15.0, 15.0, 15.0, 15.0, 15.0, 15.0, 15.0, 15.0, 15.0, 15.0, 15.0, 15.0, 15.0, 15.0, 15.0, 15.0, 15.0, 15.0, 15.0, 15.0, 15.0, 15.0, 15.0, 15.0, 15.0, 15.0, 15.0, 15.0, 15.0, 15.0, 15.0, 15.0, 15.0, 15.0, 15.0, 15.0, 15.0, 15.0, 15.0, 15.0, 15.0, 15.0, 15.0, 15.0, 15.0, 15.0, 15.0, 15.0, 15.0, 15.0, 15.0, 15.0, 15.0, 15.0, 15.0, 15.0, 15.0, 15.0, 15.0, 15.0, 15.0, 15.0, 15.0, 15.0, 15.0, 15.0, 15.0, 15.0, 15.0, 15.0, 15.0, 15.0, 15.0, 15.0, 15.0, 15.0, 15.0, 15.0, 15.0, 15.0, 15.0, 15.0, 15.0, 15.0, 15.0, 15.0, 15.0, 15.0, 15.0, 15.0, 15.0, 15.0, 15.0, 15.0, 15.0, 15.0, 15.0, 15.0, 15.0, 15.0, 15.0, 15.0, 15.0, 15.0, 15.0, 15.0, 15.0, 15.0, 15.0, 15.0, 15.0, 15.0, 15.0, 15.0, 15.0, 15.0, 15.0, 15.0, 15.0, 15.0, 15.0, 15.0, 15.0, 15.0, 15.0, 15.0, 15.0, 15.0, 15.0, 15.0, 15.0, 15.0, 15.0, 15.0, 15.0, 15.0, 15.0, 15.0, 15.0, 15.0, 15.0, 15.0, 15.0, 15.0, 15.0, 15.0, 15.0, 15.0, 15.0, 15.0, 15.0];[4, 4, 4, 4, 4, 4, 4, 4, 4, 4, 4, 4, 4, 4, 4, 4, 4, 4, 4, 4, 4, 4, 4, 4, 4, 4, 4, 4, 4, 4, 4, 4, 4, 4, 4, 4, 4, 4, 4, 4, 4, 4, 4, 4, 4, 4, 4, 4, 4, 4, 4, 4, 4, 4, 4, 4, 4, 4, 4, 4, 4, 4, 4, 4, 4, 4, 4, 4, 4, 4, 4, 4, 4, 4, 4, 4, 4, 4, 4, 4, 4, 4, 4, 4, 4, 4, 4, 4, 4, 4, 4, 4, 4, 4, 4, 4, 4, 4, 4, 4, 4, 4, 4, 4, 4, 4, 4, 4, 4, 4, 4, 4, 4, 4, 4, 4, 4, 4, 4, 4, 4, 4, 4, 4, 4, 4, 4, 4, 4, 4, 4, 4, 4, 4, 4, 4, 4, 4, 4, 4, 4, 4, 4, 4, 4, 4, 4, 4, 4, 4, 4, 4, 4, 4, 4, 4, 4, 4, 4, 4, 4, 4, 4, 4, 4, 4, 4, 4, 4, 4, 4, 4, 4, 4, 4, 4, 4, 4, 4, 4, 4, 4, 4, 4, 4, 4, 4, 4, 4, 4, 4, 4, 4, 4, 4, 4, 4, 4, 4, 4, 4, 4];[3, 3, 3, 3, 3, 3, 3, 3, 3, 3, 3, 3, 3, 3, 3, 3, 3, 3, 3, 3, 3, 3, 3, 3, 3, 3, 3, 3, 3, 3, 3, 3, 3, 3, 3, 3, 3, 3, 3, 3, 3, 3, 3, 3, 3, 3, 3, 3, 3, 3, 3, 3, 3, 3, 3, 3, 3, 3, 3, 3, 3, 3, 3, 3, 3, 3, 3, 3, 3, 3, 3, 3, 3, 3, 3, 3, 3, 3, 3, 3, 3, 3, 3, 3, 3, 3, 3, 3, 3, 3, 3, 3, 3, 3, 3, 3, 3, 3, 3, 3, 3, 3, 3, 3, 3, 3, 3, 3, 3, 3, 3, 3, 3, 3, 3, 3, 3, 3, 3, 3, 3, 3, 3, 3, 3, 3, 3, 3, 3, 3, 3, 3, 3, 3, 3, 3, 3, 3, 3, 3, 3, 3, 3, 3, 3, 3, 3, 3, 3, 3, 3, 3, 3, 3, 3, 3, 3, 3, 3, 3, 3, 3, 3, 3, 3, 3, 3, 3, 3, 3, 3, 3, 3, 3, 3, 3, 3, 3, 3, 3, 3, 3, 3, 3, 3, 3, 3, 3, 3, 3, 3, 3, 3, 3, 3, 3, 3, 3, 3, 3, 3, 3];57;10;1;9.345266164257572;9.398499015771744;-13.406987563175127;-13.41650019820031;350.0;6.0;TX_0001
0.9;50;[0, 0.03, 0.06, 0.09, 0.12, 0.15, 0.18, 0.21, 0.24, 0.27, 0.3, 0.32999999999999996, 0.36, 0.39, 0.42, 0.44999999999999996, 0.48, 0.51, 0.54, 0.57, 0.6, 0.63, 0.6599999999999999, 0.69, 0.72, 0.75, 0.78, 0.8099999999999999, 0.84, 0.87, 0.8999999999999999, 0.9299999999999999, 0.96, 0.99, 1.02, 1.05, 1.08, 1.1099999999999999, 1.14, 1.17, 1.2, 1.23, 1.26, 1.29, 1.3199999999999998, 1.3499999999999999, 1.38, 1.41, 1.44, 1.47, 1.5, 1.53, 1.56, 1.5899999999999999, 1.6199999999999999, 1.65, 1.68, 1.71, 1.74, 1.77, 1.7999999999999998, 1.8299999999999998, 1.8599999999999999, 1.89, 1.92, 1.95, 1.98, 2.01, 2.04, 2.07, 2.1, 2.13, 2.16, 2.19, 2.2199999999999998, 2.25, 2.28, 2.31, 2.34, 2.37, 2.4, 2.4299999999999997, 2.46, 2.4899999999999998, 2.52, 2.55, 2.58, 2.61, 2.6399999999999997, 2.67, 2.6999999999999997, 2.73, 2.76, 2.79, 2.82, 2.85, 2.88, 2.9099999999999997, 2.94, 2.9699999999999998, 3.0, 3.03, 3.06, 3.09, 3.12, 3.15, 3.1799999999999997, 3.21, 3.2399999999999998, 3.27, 3.3, 3.33, 3.36, 3.3899999999999997, 3.42, 3.4499999999999997, 3.48, 3.51, 3.54, 3.57, 3.5999999999999996, 3.63, 3.6599999999999997, 3.69, 3.7199999999999998, 3.75, 3.78, 3.81, 3.84, 3.8699999999999997, 3.9, 3.9299999999999997, 3.96, 3.9899999999999998, 4.02, 4.05, 4.08, 4.109999999999999, 4.14, 4.17, 4.2, 4.2299999999999995, 4.26, 4.29, 4.32, 4.35, 4.38, 4.41, 4.4399999999999995, 4.47, 4.5, 4.53, 4.56, 4.59, 4.62, 4.6499999999999995, 4.68, 4.71, 4.74, 4.77, 4.8, 4.83, 4.859999999999999, 4.89, 4.92, 4.95, 4.9799999999999995, 5.01, 5.04, 5.069999999999999, 5.1, 5.13, 5.16, 5.1899999999999995, 5.22, 5.25, 5.279999999999999, 5.31, 5.34, 5.37, 5.3999999999999995, 5.43, 5.46, 5.49, 5.52, 5.55, 5.58, 5.609999999999999, 5.64, 5.67, 5.7, 5.7299999999999995, 5.76, 5.79, 5.819999999999999, 5.85, 5.88, 5.91, 5.9399999999999995, 5.97, 6.0, 6.029999999999999, 6.06, 6.09, 6.12, 6.1499999999999995, 6.18, 6.21, 6.24, 6.27, 6.3, 6.33, 6.359999999999999, 6.39, 6.42, 6.45, 6.4799999999999995, 6.51, 6.54, 6.569999999999999, 6.6, 6.63, 6.66, 6.6899999999999995, 6.72, 6.75, 6.779999999999999, 6.81, 6.84, 6.87, 6.8999999999999995, 6.93, 6.96, 6.989999999999999, 7.02, 7.05];[16, 16, 17, 17, 17, 18, 18, 18, 18, 19, 19, 19, 20, 20, 20, 20, 21, 21, 21, 22, 22, 22, 23, 23, 23, 24, 24, 24, 24, 25, 25, 25, 26, 26, 26, 26, 27, 27, 27, 28, 28, 28, 29, 29, 29, 30, 30, 30, 30, 31, 31, 31, 32, 32, 32, 32, 33, 33, 33, 34, 34, 34, 35, 35, 35, 36, 36, 36, 36, 37, 37, 37, 38, 38, 38, 38, 39, 39, 39, 40, 40, 40, 41, 41, 41, 42, 42, 42, 42, 43, 43, 43, 44, 44, 44, 44, 45, 45, 45, 46, 46, 46, 47, 47, 47, 48, 48, 48, 48, 49, 49, 49, 50, 50, 50, 50, 51, 51, 51, 52, 52, 52, 53, 53, 53, 54, 54, 54, 54, 55, 55, 55, 56, 56, 56, 56, 57, 57, 57, 58, 58, 58, 59, 59, 59, 60, 60, 60, 60, 61, 61, 61, 62, 62, 62, 62, 63, 63, 63, 64, 64, 64, 65, 65, 65, 66, 66, 66, 66, 67, 67, 67, 68, 68, 68, 68, 69, 69, 69, 70, 70, 70, 71, 71, 71, 72, 72, 72, 72, 73, 73, 73, 74, 74, 74, 74, 75, 75, 75, 76, 76, 76, 77, 77, 77, 78, 78, 78, 78, 79, 79, 79, 80, 80, 80, 80, 81, 81, 81, 82, 82, 82, 83, 83, 83, 84, 84, 84, 84, 85, 85, 85, 86, 86, 86, 86];[15.0, 15.0, 15.0, 15.0, 15.0, 15.0, 15.0, 15.0, 15.0, 15.0, 15.0, 15.0, 15.0, 15.0, 15.0, 15.0, 15.0, 15.0, 15.0, 15.0, 15.0, 15.0, 15.0, 15.0, 15.0, 15.0, 15.0, 15.0, 15.0, 15.0, 15.0, 15.0, 15.0, 15.0, 15.0, 15.0, 15.0, 15.0, 15.0, 15.0, 15.0, 15.0, 15.0, 15.0, 15.0, 15.0, 15.0, 15.0, 15.0, 15.0, 15.0, 15.0, 15.0, 15.0, 15.0, 15.0, 15.0, 15.0, 15.0, 15.0, 15.0, 15.0, 15.0, 15.0, 15.0, 15.0, 15.0, 15.0, 15.0, 15.0, 15.0, 15.0, 15.0, 15.0, 15.0, 15.0, 15.0, 15.0, 15.0, 15.0, 15.0, 15.0, 15.0, 15.0, 15.0, 15.0, 15.0, 15.0, 15.0, 15.0, 15.0, 15.0, 15.0, 15.0, 15.0, 15.0, 15.0, 15.0, 15.0, 15.0, 15.0, 15.0, 15.0, 15.0, 15.0, 15.0, 15.0, 15.0, 15.0, 15.0, 15.0, 15.0, 15.0, 15.0, 15.0, 15.0, 15.0, 15.0, 15.0, 15.0, 15.0, 15.0, 15.0, 15.0, 15.0, 15.0, 15.0, 15.0, 15.0, 15.0, 15.0, 15.0, 15.0, 15.0, 15.0, 15.0, 15.0, 15.0, 15.0, 15.0, 15.0, 15.0, 15.0, 15.0, 15.0, 15.0, 15.0, 15.0, 15.0, 15.0, 15.0, 15.0, 15.0, 15.0, 15.0, 15.0, 15.0, 15.0, 15.0, 15.0, 15.0, 15.0, 15.0, 15.0, 15.0, 15.0, 15.0, 15.0, 15.0, 15.0, 15.0, 15.0, 15.0, 15.0, 15.0, 15.0, 15.0, 15.0, 15.0, 15.0, 15.0, 15.0, 15.0, 15.0, 15.0, 15.0, 15.0, 15.0, 15.0, 15.0, 15.0, 15.0, 15.0, 15.0, 15.0, 15.0, 15.0, 15.0, 15.0, 15.0, 15.0, 15.0, 15.0, 15.0, 15.0, 15.0, 15.0, 15.0, 15.0, 15.0, 15.0, 15.0, 15.0, 15.0, 15.0, 15.0, 15.0, 15.0, 15.0, 15.0, 15.0, 15.0, 15.0, 15.0, 15.0, 15.0, 15.0, 15.0, 15.0, 15.0, 15.0, 15.0, 15.0, 15.0, 15.0, 15.0];[4, 4, 4, 4, 4, 4, 4, 4, 4, 4, 4, 4, 4, 4, 4, 4, 4, 4, 4, 4, 4, 4, 4, 4, 4, 4, 4, 4, 4, 4, 4, 4, 4, 4, 4, 4, 4, 4, 4, 4, 4, 4, 4, 4, 4, 4, 4, 4, 4, 4, 4, 4, 4, 4, 4, 4, 4, 4, 4, 4, 4, 4, 4, 4, 4, 4, 4, 4, 4, 4, 4, 4, 4, 4, 4, 4, 4, 4, 4, 4, 4, 4, 4, 4, 4, 4, 4, 4, 4, 4, 4, 4, 4, 4, 4, 4, 4, 4, 4, 4, 4, 4, 4, 4, 4, 4, 4, 4, 4, 4, 4, 4, 4, 4, 4, 4, 4, 4, 4, 4, 4, 4, 4, 4, 4, 4, 4, 4, 4, 4, 4, 4, 4, 4, 4, 4, 4, 4, 4, 4, 4, 4, 4, 4, 4, 4, 4, 4, 4, 4, 4, 4, 4, 4, 4, 4, 4, 4, 4, 4, 4, 4, 4, 4, 4, 4, 4, 4, 4, 4, 4, 4, 4, 4, 4, 4, 4, 4, 4, 4, 4, 4, 4, 4, 4, 4, 4, 4, 4, 4, 4, 4, 4, 4, 4, 4, 4, 4, 4, 4, 4, 4, 4, 4, 4, 4, 4, 4, 4, 4, 4, 4, 4, 4, 4, 4, 4, 4, 4, 4, 4, 4, 4, 4, 4, 4, 4, 4, 4, 4, 4, 4, 4, 4, 4, 4];[3, 3, 3, 3, 3, 3, 3, 3, 3, 3, 3, 3, 3, 3, 3, 3, 3, 3, 3, 3, 3, 3, 3, 3, 3, 3, 3, 3, 3, 3, 3, 3, 3, 3, 3, 3, 3, 3, 3, 3, 3, 3, 3, 3, 3, 3, 3, 3, 3, 3, 3, 3, 3, 3, 3, 3, 3, 3, 3, 3, 3, 3, 3, 3, 3, 3, 3, 3, 3, 3, 3, 3, 3, 3, 3, 3, 3, 3, 3, 3, 3, 3, 3, 3, 3, 3, 3, 3, 3, 3, 3, 3, 3, 3, 3, 3, 3, 3, 3, 3, 3, 3, 3, 3, 3, 3, 3, 3, 3, 3, 3, 3, 3, 3, 3, 3, 3, 3, 3, 3, 3, 3, 3, 3, 3, 3, 3, 3, 3, 3, 3, 3, 3, 3, 3, 3, 3, 3, 3, 3, 3, 3, 3, 3, 3, 3, 3, 3, 3, 3, 3, 3, 3, 3, 3, 3, 3, 3, 3, 3, 3, 3, 3, 3, 3, 3, 3, 3, 3, 3, 3, 3, 3, 3, 3, 3, 3, 3, 3, 3, 3, 3, 3, 3, 3, 3, 3, 3, 3, 3, 3, 3, 3, 3, 3, 3, 3, 3, 3, 3, 3, 3, 3, 3, 3, 3, 3, 3, 3, 3, 3, 3, 3, 3, 3, 3, 3, 3, 3, 3, 3, 3, 3, 3, 3, 3, 3, 3, 3, 3, 3, 3, 3, 3, 3, 3];57;10;1;9.345266164257572;9.407548600529154;-13.406987563175127;-13.41811734615459;350.0;7.0;TX_0001
0.9;50;[0, 0.03, 0.06, 0.09, 0.12, 0.15, 0.18, 0.21, 0.24, 0.27, 0.3, 0.32999999999999996, 0.36, 0.39, 0.42, 0.44999999999999996, 0.48, 0.51, 0.54, 0.57, 0.6, 0.63, 0.6599999999999999, 0.69, 0.72, 0.75, 0.78, 0.8099999999999999, 0.84, 0.87, 0.8999999999999999, 0.9299999999999999, 0.96, 0.99, 1.02, 1.05, 1.08, 1.1099999999999999, 1.14, 1.17, 1.2, 1.23, 1.26, 1.29, 1.3199999999999998, 1.3499999999999999, 1.38, 1.41, 1.44, 1.47, 1.5, 1.53, 1.56, 1.5899999999999999, 1.6199999999999999, 1.65, 1.68, 1.71, 1.74, 1.77, 1.7999999999999998, 1.8299999999999998, 1.8599999999999999, 1.89, 1.92, 1.95, 1.98, 2.01, 2.04, 2.07, 2.1, 2.13, 2.16, 2.19, 2.2199999999999998, 2.25, 2.28, 2.31, 2.34, 2.37, 2.4, 2.4299999999999997, 2.46, 2.4899999999999998, 2.52, 2.55, 2.58, 2.61, 2.6399999999999997, 2.67, 2.6999999999999997, 2.73, 2.76, 2.79, 2.82, 2.85, 2.88, 2.9099999999999997, 2.94, 2.9699999999999998, 3.0, 3.03, 3.06, 3.09, 3.12, 3.15, 3.1799999999999997, 3.21, 3.2399999999999998, 3.27, 3.3, 3.33, 3.36, 3.3899999999999997, 3.42, 3.4499999999999997, 3.48, 3.51, 3.54, 3.57, 3.5999999999999996, 3.63, 3.6599999999999997, 3.69, 3.7199999999999998, 3.75, 3.78, 3.81, 3.84, 3.8699999999999997, 3.9, 3.9299999999999997, 3.96, 3.9899999999999998, 4.02, 4.05, 4.08, 4.109999999999999, 4.14, 4.17, 4.2, 4.2299999999999995, 4.26, 4.29, 4.32, 4.35, 4.38, 4.41, 4.4399999999999995, 4.47, 4.5, 4.53, 4.56, 4.59, 4.62, 4.6499999999999995, 4.68, 4.71, 4.74, 4.77, 4.8, 4.83, 4.859999999999999, 4.89, 4.92, 4.95, 4.9799999999999995, 5.01, 5.04, 5.069999999999999, 5.1, 5.13, 5.16, 5.1899999999999995, 5.22, 5.25, 5.279999999999999, 5.31, 5.34, 5.37, 5.3999999999999995, 5.43, 5.46, 5.49, 5.52, 5.55, 5.58, 5.609999999999999, 5.64, 5.67, 5.7, 5.7299999999999995, 5.76, 5.79, 5.819999999999999, 5.85, 5.88, 5.91, 5.9399999999999995, 5.97, 6.0, 6.029999999999999, 6.06, 6.09, 6.12, 6.1499999999999995, 6.18, 6.21, 6.24, 6.27, 6.3, 6.33, 6.359999999999999, 6.39, 6.42, 6.45, 6.4799999999999995, 6.51, 6.54, 6.569999999999999, 6.6, 6.63, 6.66, 6.6899999999999995, 6.72, 6.75, 6.779999999999999, 6.81, 6.84, 6.87, 6.8999999999999995, 6.93, 6.96, 6.989999999999999, 7.02, 7.05, 7.08, 7.109999999999999, 7.14, 7.17, 7.199999999999999, 7.2299999999999995, 7.26, 7.29, 7.319999999999999, 7.35, 7.38, 7.41, 7.4399999999999995, 7.47, 7.5, 7.529999999999999, 7.56, 7.59, 7.62, 7.6499999999999995, 7.68, 7.71, 7.739999999999999, 7.77, 7.8, 7.83, 7.859999999999999, 7.89, 7.92, 7.949999999999999, 7.9799999999999995, 8.01, 8.04];[16, 16, 17, 17, 17, 18, 18, 18, 18, 19, 19, 19, 20, 20, 20, 20, 21, 21, 21, 22, 22, 22, 23, 23, 23, 24, 24, 24, 24, 25, 25, 25, 26, 26, 26, 26, 27, 27, 27, 28, 28, 28, 29, 29, 29, 30, 30, 30, 30, 31, 31, 31, 32, 32, 32, 32, 33, 33, 33, 34, 34, 34, 35, 35, 35, 36, 36, 36, 36, 37, 37, 37, 38, 38, 38, 38, 39, 39, 39, 40, 40, 40, 41, 41, 41, 42, 42, 42, 42, 43, 43, 43, 44, 44, 44, 44, 45, 45, 45, 46, 46, 46, 47, 47, 47, 48, 48, 48, 48, 49, 49, 49, 50, 50, 50, 50, 51, 51, 51, 52, 52, 52, 53, 53, 53, 54, 54, 54, 54, 55, 55, 55, 56, 56, 56, 56, 57, 57, 57, 58, 58, 58, 59, 59, 59, 60, 60, 60, 60, 61, 61, 61, 62, 62, 62, 62, 63, 63, 63, 64, 64, 64, 65, 65, 65, 66, 66, 66, 66, 67, 67, 67, 68, 68, 68, 68, 69, 69, 69, 70, 70, 70, 71, 71, 71, 72, 72, 72, 72, 73, 73, 73, 74, 74, 74, 74, 75, 75, 75, 76, 76, 76, 77, 77, 77, 78, 78, 78, 78, 79, 79, 79, 80, 80, 80, 80, 81, 81, 81, 82, 82, 82, 83, 83, 83, 84, 84, 84, 84, 85, 85, 85, 86, 86, 86, 86, 87, 87, 87, 88, 88, 88, 89, 89, 89, 90, 90, 90, 90, 91, 91, 91, 92, 92, 92, 92, 93, 93, 93, 94, 94, 94, 95, 95, 95, 96, 96, 96, 96];[15.0, 15.0, 15.0, 15.0, 15.0, 15.0, 15.0, 15.0, 15.0, 15.0, 15.0, 15.0, 15.0, 15.0, 15.0, 15.0, 15.0, 15.0, 15.0, 15.0, 15.0, 15.0, 15.0, 15.0, 15.0, 15.0, 15.0, 15.0, 15.0, 15.0, 15.0, 15.0, 15.0, 15.0, 15.0, 15.0, 15.0, 15.0, 15.0, 15.0, 15.0, 15.0, 15.0, 15.0, 15.0, 15.0, 15.0, 15.0, 15.0, 15.0, 15.0, 15.0, 15.0, 15.0, 15.0, 15.0, 15.0, 15.0, 15.0, 15.0, 15.0, 15.0, 15.0, 15.0, 15.0, 15.0, 15.0, 15.0, 15.0, 15.0, 15.0, 15.0, 15.0, 15.0, 15.0, 15.0, 15.0, 15.0, 15.0, 15.0, 15.0, 15.0, 15.0, 15.0, 15.0, 15.0, 15.0, 15.0, 15.0, 15.0, 15.0, 15.0, 15.0, 15.0, 15.0, 15.0, 15.0, 15.0, 15.0, 15.0, 15.0, 15.0, 15.0, 15.0, 15.0, 15.0, 15.0, 15.0, 15.0, 15.0, 15.0, 15.0, 15.0, 15.0, 15.0, 15.0, 15.0, 15.0, 15.0, 15.0, 15.0, 15.0, 15.0, 15.0, 15.0, 15.0, 15.0, 15.0, 15.0, 15.0, 15.0, 15.0, 15.0, 15.0, 15.0, 15.0, 15.0, 15.0, 15.0, 15.0, 15.0, 15.0, 15.0, 15.0, 15.0, 15.0, 15.0, 15.0, 15.0, 15.0, 15.0, 15.0, 15.0, 15.0, 15.0, 15.0, 15.0, 15.0, 15.0, 15.0, 15.0, 15.0, 15.0, 15.0, 15.0, 15.0, 15.0, 15.0, 15.0, 15.0, 15.0, 15.0, 15.0, 15.0, 15.0, 15.0, 15.0, 15.0, 15.0, 15.0, 15.0, 15.0, 15.0, 15.0, 15.0, 15.0, 15.0, 15.0, 15.0, 15.0, 15.0, 15.0, 15.0, 15.0, 15.0, 15.0, 15.0, 15.0, 15.0, 15.0, 15.0, 15.0, 15.0, 15.0, 15.0, 15.0, 15.0, 15.0, 15.0, 15.0, 15.0, 15.0, 15.0, 15.0, 15.0, 15.0, 15.0, 15.0, 15.0, 15.0, 15.0, 15.0, 15.0, 15.0, 15.0, 15.0, 15.0, 15.0, 15.0, 15.0, 15.0, 15.0, 15.0, 15.0, 15.0, 15.0, 15.0, 15.0, 15.0, 15.0, 15.0, 15.0, 15.0, 15.0, 15.0, 15.0, 15.0, 15.0, 15.0, 15.0, 15.0, 15.0, 15.0, 15.0, 15.0, 15.0, 15.0, 15.0, 15.0, 15.0, 15.0, 15.0, 15.0, 15.0, 15.0, 15.0, 15.0, 15.0, 15.0];[4, 4, 4, 4, 4, 4, 4, 4, 4, 4, 4, 4, 4, 4, 4, 4, 4, 4, 4, 4, 4, 4, 4, 4, 4, 4, 4, 4, 4, 4, 4, 4, 4, 4, 4, 4, 4, 4, 4, 4, 4, 4, 4, 4, 4, 4, 4, 4, 4, 4, 4, 4, 4, 4, 4, 4, 4, 4, 4, 4, 4, 4, 4, 4, 4, 4, 4, 4, 4, 4, 4, 4, 4, 4, 4, 4, 4, 4, 4, 4, 4, 4, 4, 4, 4, 4, 4, 4, 4, 4, 4, 4, 4, 4, 4, 4, 4, 4, 4, 4, 4, 4, 4, 4, 4, 4, 4, 4, 4, 4, 4, 4, 4, 4, 4, 4, 4, 4, 4, 4, 4, 4, 4, 4, 4, 4, 4, 4, 4, 4, 4, 4, 4, 4, 4, 4, 4, 4, 4, 4, 4, 4, 4, 4, 4, 4, 4, 4, 4, 4, 4, 4, 4, 4, 4, 4, 4, 4, 4, 4, 4, 4, 4, 4, 4, 4, 4, 4, 4, 4, 4, 4, 4, 4, 4, 4, 4, 4, 4, 4, 4, 4, 4, 4, 4, 4, 4, 4, 4, 4, 4, 4, 4, 4, 4, 4, 4, 4, 4, 4, 4, 4, 4, 4, 4, 4, 4, 4, 4, 4, 4, 4, 4, 4, 4, 4, 4, 4, 4, 4, 4, 4, 4, 4, 4, 4, 4, 4, 4, 4, 4, 4, 4, 4, 4, 4, 4, 4, 4, 4, 4, 4, 4, 4, 4, 4, 4, 4, 4, 4, 4, 4, 4, 4, 4, 4, 4, 4, 4, 4, 4, 4, 4, 4, 4, 4, 4, 4, 4];[3, 3, 3, 3, 3, 3, 3, 3, 3, 3, 3, 3, 3, 3, 3, 3, 3, 3, 3, 3, 3, 3, 3, 3, 3, 3, 3, 3, 3, 3, 3, 3, 3, 3, 3, 3, 3, 3, 3, 3, 3, 3, 3, 3, 3, 3, 3, 3, 3, 3, 3, 3, 3, 3, 3, 3, 3, 3, 3, 3, 3, 3, 3, 3, 3, 3, 3, 3, 3, 3, 3, 3, 3, 3, 3, 3, 3, 3, 3, 3, 3, 3, 3, 3, 3, 3, 3, 3, 3, 3, 3, 3, 3, 3, 3, 3, 3, 3, 3, 3, 3, 3, 3, 3, 3, 3, 3, 3, 3, 3, 3, 3, 3, 3, 3, 3, 3, 3, 3, 3, 3, 3, 3, 3, 3, 3, 3, 3, 3, 3, 3, 3, 3, 3, 3, 3, 3, 3, 3, 3, 3, 3, 3, 3, 3, 3, 3, 3, 3, 3, 3, 3, 3, 3, 3, 3, 3, 3, 3, 3, 3, 3, 3, 3, 3, 3, 3, 3, 3, 3, 3, 3, 3, 3, 3, 3, 3, 3, 3, 3, 3, 3, 3, 3, 3, 3, 3, 3, 3, 3, 3, 3, 3, 3, 3, 3, 3, 3, 3, 3, 3, 3, 3, 3, 3, 3, 3, 3, 3, 3, 3, 3, 3, 3, 3, 3, 3, 3, 3, 3, 3, 3, 3, 3, 3, 3, 3, 3, 3, 3, 3, 3, 3, 3, 3, 3, 3, 3, 3, 3, 3, 3, 3, 3, 3, 3, 3, 3, 3, 3, 3, 3, 3, 3, 3, 3, 3, 3, 3, 3, 3, 3, 3, 3, 3, 3, 3, 3, 3];57;10;1;9.345266164257572;9.416332021028992;-13.406987563175127;-13.419686930933747;350.0;8.0;TX_0001
0.9;50;[0, 0.03, 0.06, 0.09, 0.12, 0.15, 0.18, 0.21, 0.24, 0.27, 0.3, 0.32999999999999996, 0.36, 0.39, 0.42, 0.44999999999999996, 0.48, 0.51, 0.54, 0.57, 0.6, 0.63, 0.6599999999999999, 0.69, 0.72, 0.75, 0.78, 0.8099999999999999, 0.84, 0.87, 0.8999999999999999, 0.9299999999999999, 0.96, 0.99, 1.02, 1.05, 1.08, 1.1099999999999999, 1.14, 1.17, 1.2, 1.23, 1.26, 1.29, 1.3199999999999998, 1.3499999999999999, 1.38, 1.41, 1.44, 1.47, 1.5, 1.53, 1.56, 1.5899999999999999, 1.6199999999999999, 1.65, 1.68, 1.71, 1.74, 1.77, 1.7999999999999998, 1.8299999999999998, 1.8599999999999999, 1.89, 1.92, 1.95, 1.98, 2.01, 2.04, 2.07, 2.1, 2.13, 2.16, 2.19, 2.2199999999999998, 2.25, 2.28, 2.31, 2.34, 2.37, 2.4, 2.4299999999999997, 2.46, 2.4899999999999998, 2.52, 2.55, 2.58, 2.61, 2.6399999999999997, 2.67, 2.6999999999999997, 2.73, 2.76, 2.79, 2.82, 2.85, 2.88, 2.9099999999999997, 2.94, 2.9699999999999998, 3.0, 3.03, 3.06, 3.09, 3.12, 3.15, 3.1799999999999997, 3.21, 3.2399999999999998, 3.27, 3.3, 3.33, 3.36, 3.3899999999999997, 3.42, 3.4499999999999997, 3.48, 3.51, 3.54, 3.57, 3.5999999999999996, 3.63, 3.6599999999999997, 3.69, 3.7199999999999998, 3.75, 3.78, 3.81, 3.84, 3.8699999999999997, 3.9, 3.9299999999999997, 3.96, 3.9899999999999998, 4.02, 4.05, 4.08, 4.109999999999999, 4.14, 4.17, 4.2, 4.2299999999999995, 4.26, 4.29, 4.32, 4.35, 4.38, 4.41, 4.4399999999999995, 4.47, 4.5, 4.53, 4.56, 4.59, 4.62, 4.6499999999999995, 4.68, 4.71, 4.74, 4.77, 4.8, 4.83, 4.859999999999999, 4.89, 4.92, 4.95, 4.9799999999999995, 5.01, 5.04, 5.069999999999999, 5.1, 5.13, 5.16, 5.1899999999999995, 5.22, 5.25, 5.279999999999999, 5.31, 5.34, 5.37, 5.3999999999999995, 5.43, 5.46, 5.49, 5.52, 5.55, 5.58, 5.609999999999999, 5.64, 5.67, 5.7, 5.7299999999999995, 5.76, 5.79, 5.819999999999999, 5.85, 5.88, 5.91, 5.9399999999999995, 5.97, 6.0, 6.029999999999999, 6.06, 6.09, 6.12, 6.1499999999999995, 6.18, 6.21, 6.24, 6.27, 6.3, 6.33, 6.359999999999999, 6.39, 6.42, 6.45, 6.4799999999999995, 6.51, 6.54, 6.569999999999999, 6.6, 6.63, 6.66, 6.6899999999999995, 6.72, 6.75, 6.779999999999999, 6.81, 6.84, 6.87, 6.8999999999999995, 6.93, 6.96, 6.989999999999999, 7.02, 7.05, 7.08, 7.109999999999999, 7.14, 7.17, 7.199999999999999, 7.2299999999999995, 7.26, 7.29, 7.319999999999999, 7.35, 7.38, 7.41, 7.4399999999999995, 7.47, 7.5, 7.529999999999999, 7.56, 7.59, 7.62, 7.6499999999999995, 7.68, 7.71, 7.739999999999999, 7.77, 7.8, 7.83, 7.859999999999999, 7.89, 7.92, 7.949999999999999, 7.9799999999999995, 8.01, 8.04, 8.07, 8.1, 8.129999999999999, 8.16, 8.19, 8.219999999999999, 8.25, 8.28, 8.31, 8.34, 8.37, 8.4, 8.43, 8.459999999999999, 8.49, 8.52, 8.549999999999999, 8.58, 8.61, 8.64, 8.67, 8.7, 8.73, 8.76, 8.79, 8.82, 8.85, 8.879999999999999, 8.91, 8.94, 8.969999999999999, 9.0, 9.03];[16, 16, 17, 17, 17, 18, 18, 18, 18, 19, 19, 19, 20, 20, 20, 20, 21, 21, 21, 22, 22, 22, 23, 23, 23, 24, 24, 24, 24, 25, 25, 25, 26, 26, 26, 26, 27, 27, 27, 28, 28, 28, 29, 29, 29, 30, 30, 30, 30, 31, 31, 31, 32, 32, 32, 32, 33, 33, 33, 34, 34, 34, 35, 35, 35, 36, 36, 36, 36, 37, 37, 37, 38, 38, 38, 38, 39, 39, 39, 40, 40, 40, 41, 41, 41, 42, 42, 42, 42, 43, 43, 43, 44, 44, 44, 44, 45, 45, 45, 46, 46, 46, 47, 47, 47, 48, 48, 48, 48, 49, 49, 49, 50, 50, 50, 50, 51, 51, 51, 52, 52, 52, 53, 53, 53, 54, 54, 54, 54, 55, 55, 55, 56, 56, 56, 56, 57, 57, 57, 58, 58, 58, 59, 59, 59, 60, 60, 60, 60, 61, 61, 61, 62, 62, 62, 62, 63, 63, 63, 64, 64, 64, 65, 65, 65, 66, 66, 66, 66, 67, 67, 67, 68, 68, 68, 68, 69, 69, 69, 70, 70, 70, 71, 71, 71, 72, 72, 72, 72, 73, 73, 73, 74, 74, 74, 74, 75, 75, 75, 76, 76, 76, 77, 77, 77, 78, 78, 78, 78, 79, 79, 79, 80, 80, 80, 80, 81, 81, 81, 82, 82, 82, 83, 83, 83, 84, 84, 84, 84, 85, 85, 85, 86, 86, 86, 86, 87, 87, 87, 88, 88, 88, 89, 89, 89, 90, 90, 90, 90, 91, 91, 91, 92, 92, 92, 92, 93, 93, 93, 94, 94, 94, 95, 95, 95, 96, 96, 96, 96, 97, 97, 97, 98, 98, 98, 98, 99, 99, 99, 100, 100, 100, 101, 101, 101, 101, 102, 102, 102, 103, 103, 103, 104, 104, 104, 104, 105, 105, 105, 106, 106, 106];[15.0, 15.0, 15.0, 15.0, 15.0, 15.0, 15.0, 15.0, 15.0, 15.0, 15.0, 15.0, 15.0, 15.0, 15.0, 15.0, 15.0, 15.0, 15.0, 15.0, 15.0, 15.0, 15.0, 15.0, 15.0, 15.0, 15.0, 15.0, 15.0, 15.0, 15.0, 15.0, 15.0, 15.0, 15.0, 15.0, 15.0, 15.0, 15.0, 15.0, 15.0, 15.0, 15.0, 15.0, 15.0, 15.0, 15.0, 15.0, 15.0, 15.0, 15.0, 15.0, 15.0, 15.0, 15.0, 15.0, 15.0, 15.0, 15.0, 15.0, 15.0, 15.0, 15.0, 15.0, 15.0, 15.0, 15.0, 15.0, 15.0, 15.0, 15.0, 15.0, 15.0, 15.0, 15.0, 15.0, 15.0, 15.0, 15.0, 15.0, 15.0, 15.0, 15.0, 15.0, 15.0, 15.0, 15.0, 15.0, 15.0, 15.0, 15.0, 15.0, 15.0, 15.0, 15.0, 15.0, 15.0, 15.0, 15.0, 15.0, 15.0, 15.0, 15.0, 15.0, 15.0, 15.0, 15.0, 15.0, 15.0, 15.0, 15.0, 15.0, 15.0, 15.0, 15.0, 15.0, 15.0, 15.0, 15.0, 15.0, 15.0, 15.0, 15.0, 15.0, 15.0, 15.0, 15.0, 15.0, 15.0, 15.0, 15.0, 15.0, 15.0, 15.0, 15.0, 15.0, 15.0, 15.0, 15.0, 15.0, 15.0, 15.0, 15.0, 15.0, 15.0, 15.0, 15.0, 15.0, 15.0, 15.0, 15.0, 15.0, 15.0, 15.0, 15.0, 15.0, 15.0, 15.0, 15.0, 15.0, 15.0, 15.0, 15.0, 15.0, 15.0, 15.0, 15.0, 15.0, 15.0, 15.0, 15.0, 15.0, 15.0, 15.0, 15.0, 15.0, 15.0, 15.0, 15.0, 15.0, 15.0, 15.0, 15.0, 15.0, 15.0, 15.0, 15.0, 15.0, 15.0, 15.0, 15.0, 15.0, 15.0, 15.0, 15.0, 15.0, 15.0, 15.0, 15.0, 15.0, 15.0, 15.0, 15.0, 15.0, 15.0, 15.0, 15.0, 15.0, 15.0, 15.0, 15.0, 15.0, 15.0, 15.0, 15.0, 15.0, 15.0, 15.0, 15.0, 15.0, 15.0, 15.0, 15.0, 15.0, 15.0, 15.0, 15.0, 15.0, 15.0, 15.0, 15.0, 15.0, 15.0, 15.0, 15.0, 15.0, 15.0, 15.0, 15.0, 15.0, 15.0, 15.0, 15.0, 15.0, 15.0, 15.0, 15.0, 15.0, 15.0, 15.0, 15.0, 15.0, 15.0, 15.0, 15.0, 15.0, 15.0, 15.0, 15.0, 15.0, 15.0, 15.0, 15.0, 15.0, 15.0, 15.0, 15.0, 15.0, 15.0, 15.0, 15.0, 15.0, 15.0, 15.0, 15.0, 15.0, 15.0, 15.0, 15.0, 15.0, 15.0, 15.0, 15.0, 15.0, 15.0, 15.0, 15.0, 15.0, 15.0, 15.0, 15.0, 15.0, 15.0, 15.0, 15.0, 15.0, 15.0, 15.0, 15.0, 15.0, 15.0, 15.0];[4, 4, 4, 4, 4, 4, 4, 4, 4, 4, 4, 4, 4, 4, 4, 4, 4, 4, 4, 4, 4, 4, 4, 4, 4, 4, 4, 4, 4, 4, 4, 4, 4, 4, 4, 4, 4, 4, 4, 4, 4, 4, 4, 4, 4, 4, 4, 4, 4, 4, 4, 4, 4, 4, 4, 4, 4, 4, 4, 4, 4, 4, 4, 4, 4, 4, 4, 4, 4, 4, 4, 4, 4, 4, 4, 4, 4, 4, 4, 4, 4, 4, 4, 4, 4, 4, 4, 4, 4, 4, 4, 4, 4, 4, 4, 4, 4, 4, 4, 4, 4, 4, 4, 4, 4, 4, 4, 4, 4, 4, 4, 4, 4, 4, 4, 4, 4, 4, 4, 4, 4, 4, 4, 4, 4, 4, 4, 4, 4, 4, 4, 4, 4, 4, 4, 4, 4, 4, 4, 4, 4, 4, 4, 4, 4, 4, 4, 4, 4, 4, 4, 4, 4, 4, 4, 4, 4, 4, 4, 4, 4, 4, 4, 4, 4, 4, 4, 4, 4, 4, 4, 4, 4, 4, 4, 4, 4, 4, 4, 4, 4, 4, 4, 4, 4, 4, 4, 4, 4, 4, 4, 4, 4, 4, 4, 4, 4, 4, 4, 4, 4, 4, 4, 4, 4, 4, 4, 4, 4, 4, 4, 4, 4, 4, 4, 4, 4, 4, 4, 4, 4, 4, 4, 4, 4, 4, 4, 4, 4, 4, 4, 4, 4, 4, 4, 4, 4, 4, 4, 4, 4, 4, 4, 4, 4, 4, 4, 4, 4, 4, 4, 4, 4, 4, 4, 4, 4, 4, 4, 4, 4, 4, 4, 4, 4, 4, 4, 4, 4, 4, 4, 4, 4, 4, 4, 4, 4, 4, 4, 4, 4, 4, 4, 4, 4, 4, 4, 4, 4, 4, 4, 4, 4, 4, 4, 4, 4, 4, 4, 4, 4, 4];[3, 3, 3, 3, 3, 3, 3, 3, 3, 3, 3, 3, 3, 3, 3, 3, 3, 3, 3, 3, 3, 3, 3, 3, 3, 3, 3, 3, 3, 3, 3, 3, 3, 3, 3, 3, 3, 3, 3, 3, 3, 3, 3, 3, 3, 3, 3, 3, 3, 3, 3, 3, 3, 3, 3, 3, 3, 3, 3, 3, 3, 3, 3, 3, 3, 3, 3, 3, 3, 3, 3, 3, 3, 3, 3, 3, 3, 3, 3, 3, 3, 3, 3, 3, 3, 3, 3, 3, 3, 3, 3, 3, 3, 3, 3, 3, 3, 3, 3, 3, 3, 3, 3, 3, 3, 3, 3, 3, 3, 3, 3, 3, 3, 3, 3, 3, 3, 3, 3, 3, 3, 3, 3, 3, 3, 3, 3, 3, 3, 3, 3, 3, 3, 3, 3, 3, 3, 3, 3, 3, 3, 3, 3, 3, 3, 3, 3, 3, 3, 3, 3, 3, 3, 3, 3, 3, 3, 3, 3, 3, 3, 3, 3, 3, 3, 3, 3, 3, 3, 3, 3, 3, 3, 3, 3, 3, 3, 3, 3, 3, 3, 3, 3, 3, 3, 3, 3, 3, 3, 3, 3, 3, 3, 3, 3, 3, 3, 3, 3, 3, 3, 3, 3, 3, 3, 3, 3, 3, 3, 3, 3, 3, 3, 3, 3, 3, 3, 3, 3, 3, 3, 3, 3, 3, 3, 3, 3, 3, 3, 3, 3, 3, 3, 3, 3, 3, 3, 3, 3, 3, 3, 3, 3, 3, 3, 3, 3, 3, 3, 3, 3, 3, 3, 3, 3, 3, 3, 3, 3, 3, 3, 3, 3, 3, 3, 3, 3, 3, 3, 3, 3, 3, 3, 3, 3, 3, 3, 3, 3, 3, 3, 3, 3, 3, 3, 3, 3, 3, 3, 3, 3, 3, 3, 3, 3, 3, 3, 3, 3, 3, 3, 3];57;10;1;9.345266164257572;9.425115441528831;-13.406987563175127;-13.421256515712901;350.0;9.0;TX_0001
0.9;50;[0, 0.03, 0.06, 0.09, 0.12, 0.15, 0.18, 0.21, 0.24, 0.27, 0.3, 0.32999999999999996, 0.36, 0.39, 0.42, 0.44999999999999996, 0.48, 0.51, 0.54, 0.57, 0.6, 0.63, 0.6599999999999999, 0.69, 0.72, 0.75, 0.78, 0.8099999999999999, 0.84, 0.87, 0.8999999999999999, 0.9299999999999999, 0.96, 0.99, 1.02, 1.05, 1.08, 1.1099999999999999, 1.14, 1.17, 1.2, 1.23, 1.26, 1.29, 1.3199999999999998, 1.3499999999999999, 1.38, 1.41, 1.44, 1.47, 1.5, 1.53, 1.56, 1.5899999999999999, 1.6199999999999999, 1.65, 1.68, 1.71, 1.74, 1.77, 1.7999999999999998, 1.8299999999999998, 1.8599999999999999, 1.89, 1.92, 1.95, 1.98, 2.01, 2.04, 2.07, 2.1, 2.13, 2.16, 2.19, 2.2199999999999998, 2.25, 2.28, 2.31, 2.34, 2.37, 2.4, 2.4299999999999997, 2.46, 2.4899999999999998, 2.52, 2.55, 2.58, 2.61, 2.6399999999999997, 2.67, 2.6999999999999997, 2.73, 2.76, 2.79, 2.82, 2.85, 2.88, 2.9099999999999997, 2.94, 2.9699999999999998, 3.0, 3.03, 3.06, 3.09, 3.12, 3.15, 3.1799999999999997, 3.21, 3.2399999999999998, 3.27, 3.3, 3.33, 3.36, 3.3899999999999997, 3.42, 3.4499999999999997, 3.48, 3.51, 3.54, 3.57, 3.5999999999999996, 3.63, 3.6599999999999997, 3.69, 3.7199999999999998, 3.75, 3.78, 3.81, 3.84, 3.8699999999999997, 3.9, 3.9299999999999997, 3.96, 3.9899999999999998, 4.02, 4.05, 4.08, 4.109999999999999, 4.14, 4.17, 4.2, 4.2299999999999995, 4.26, 4.29, 4.32, 4.35, 4.38, 4.41, 4.4399999999999995, 4.47, 4.5, 4.53, 4.56, 4.59, 4.62, 4.6499999999999995, 4.68, 4.71, 4.74, 4.77, 4.8, 4.83, 4.859999999999999, 4.89, 4.92, 4.95, 4.9799999999999995, 5.01, 5.04, 5.069999999999999, 5.1, 5.13, 5.16, 5.1899999999999995, 5.22, 5.25, 5.279999999999999, 5.31, 5.34, 5.37, 5.3999999999999995, 5.43, 5.46, 5.49, 5.52, 5.55, 5.58, 5.609999999999999, 5.64, 5.67, 5.7, 5.7299999999999995, 5.76, 5.79, 5.819999999999999, 5.85, 5.88, 5.91, 5.9399999999999995, 5.97, 6.0, 6.029999999999999, 6.06, 6.09, 6.12, 6.1499999999999995, 6.18, 6.21, 6.24, 6.27, 6.3, 6.33, 6.359999999999999, 6.39, 6.42, 6.45, 6.4799999999999995, 6.51, 6.54, 6.569999999999999, 6.6, 6.63, 6.66, 6.6899999999999995, 6.72, 6.75, 6.779999999999999, 6.81, 6.84, 6.87, 6.8999999999999995, 6.93, 6.96, 6.989999999999999, 7.02, 7.05, 7.08, 7.109999999999999, 7.14, 7.17, 7.199999999999999, 7.2299999999999995, 7.26, 7.29, 7.319999999999999, 7.35, 7.38, 7.41, 7.4399999999999995, 7.47, 7.5, 7.529999999999999, 7.56, 7.59, 7.62, 7.6499999999999995, 7.68, 7.71, 7.739999999999999, 7.77, 7.8, 7.83, 7.859999999999999, 7.89, 7.92, 7.949999999999999, 7.9799999999999995, 8.01, 8.04, 8.07, 8.1, 8.129999999999999, 8.16, 8.19, 8.219999999999999, 8.25, 8.28, 8.31, 8.34, 8.37, 8.4, 8.43, 8.459999999999999, 8.49, 8.52, 8.549999999999999, 8.58, 8.61, 8.64, 8.67, 8.7, 8.73, 8.76, 8.79, 8.82, 8.85, 8.879999999999999, 8.91, 8.94, 8.969999999999999, 9.0, 9.03, 9.06, 9.09, 9.12, 9.15, 9.18, 9.209999999999999, 9.24, 9.27, 9.299999999999999, 9.33, 9.36, 9.389999999999999, 9.42, 9.45, 9.48, 9.51, 9.54, 9.57, 9.6, 9.629999999999999, 9.66, 9.69, 9.719999999999999, 9.75, 9.78, 9.81, 9.84, 9.87, 9.9, 9.93, 9.959999999999999, 9.99, 10.02, 10.049999999999999];[16, 16, 17, 17, 17, 18, 18, 18, 18, 19, 19, 19, 20, 20, 20, 20, 21, 21, 21, 22, 22, 22, 23, 23, 23, 24, 24, 24, 24, 25, 25, 25, 26, 26, 26, 26, 27, 27, 27, 28, 28, 28, 29, 29, 29, 30, 30, 30, 30, 31, 31, 31, 32, 32, 32, 32, 33, 33, 33, 34, 34, 34, 35, 35, 35, 36, 36, 36, 36, 37, 37, 37, 38, 38, 38, 38, 39, 39, 39, 40, 40, 40, 41, 41, 41, 42, 42, 42, 42, 43, 43, 43, 44, 44, 44, 44, 45, 45, 45, 46, 46, 46, 47, 47, 47, 48, 48, 48, 48, 49, 49, 49, 50, 50, 50, 50, 51, 51, 51, 52, 52, 52, 53, 53, 53, 54, 54, 54, 54, 55, 55, 55, 56, 56, 56, 56, 57, 57, 57, 58, 58, 58, 59, 59, 59, 60, 60, 60, 60, 61, 61, 61, 62, 62, 62, 62, 63, 63, 63, 64, 64, 64, 65, 65, 65, 66, 66, 66, 66, 67, 67, 67, 68, 68, 68, 68, 69, 69, 69, 70, 70, 70, 71, 71, 71, 72, 72, 72, 72, 73, 73, 73, 74, 74, 74, 74, 75, 75, 75, 76, 76, 76, 77, 77, 77, 78, 78, 78, 78, 79, 79, 79, 80, 80, 80, 80, 81, 81, 81, 82, 82, 82, 83, 83, 83, 84, 84, 84, 84, 85, 85, 85, 86, 86, 86, 86, 87, 87, 87, 88, 88, 88, 89, 89, 89, 90, 90, 90, 90, 91, 91, 91, 92, 92, 92, 92, 93, 93, 93, 94, 94, 94, 95, 95, 95, 96, 96, 96, 96, 97, 97, 97, 98, 98, 98, 98, 99, 99, 99, 100, 100, 100, 101, 101, 101, 101, 102, 102, 102, 103, 103, 103, 104, 104, 104, 104, 105, 105, 105, 106, 106, 106, 107, 107, 107, 108, 108, 108, 108, 109, 109, 109, 110, 110, 110, 110, 111, 111, 111, 112, 112, 112, 113, 113, 113, 114, 114, 114, 114, 115, 115, 115, 116, 116, 116, 116];[15.0, 15.0, 15.0, 15.0, 15.0, 15.0, 15.0, 15.0, 15.0, 15.0, 15.0, 15.0, 15.0, 15.0, 15.0, 15.0, 15.0, 15.0, 15.0, 15.0, 15.0, 15.0, 15.0, 15.0, 15.0, 15.0, 15.0, 15.0, 15.0, 15.0, 15.0, 15.0, 15.0, 15.0, 15.0, 15.0, 15.0, 15.0, 15.0, 15.0, 15.0, 15.0, 15.0, 15.0, 15.0, 15.0, 15.0, 15.0, 15.0, 15.0, 15.0, 15.0, 15.0, 15.0, 15.0, 15.0, 15.0, 15.0, 15.0, 15.0, 15.0, 15.0, 15.0, 15.0, 15.0, 15.0, 15.0, 15.0, 15.0, 15.0, 15.0, 15.0, 15.0, 15.0, 15.0, 15.0, 15.0, 15.0, 15.0, 15.0, 15.0, 15.0, 15.0, 15.0, 15.0, 15.0, 15.0, 15.0, 15.0, 15.0, 15.0, 15.0, 15.0, 15.0, 15.0, 15.0, 15.0, 15.0, 15.0, 15.0, 15.0, 15.0, 15.0, 15.0, 15.0, 15.0, 15.0, 15.0, 15.0, 15.0, 15.0, 15.0, 15.0, 15.0, 15.0, 15.0, 15.0, 15.0, 15.0, 15.0, 15.0, 15.0, 15.0, 15.0, 15.0, 15.0, 15.0, 15.0, 15.0, 15.0, 15.0, 15.0, 15.0, 15.0, 15.0, 15.0, 15.0, 15.0, 15.0, 15.0, 15.0, 15.0, 15.0, 15.0, 15.0, 15.0, 15.0, 15.0, 15.0, 15.0, 15.0, 15.0, 15.0, 15.0, 15.0, 15.0, 15.0, 15.0, 15.0, 15.0, 15.0, 15.0, 15.0, 15.0, 15.0, 15.0, 15.0, 15.0, 15.0, 15.0, 15.0, 15.0, 15.0, 15.0, 15.0, 15.0, 15.0, 15.0, 15.0, 15.0, 15.0, 15.0, 15.0, 15.0, 15.0, 15.0, 15.0, 15.0, 15.0, 15.0, 15.0, 15.0, 15.0, 15.0, 15.0, 15.0, 15.0, 15.0, 15.0, 15.0, 15.0, 15.0, 15.0, 15.0, 15.0, 15.0, 15.0, 15.0, 15.0, 15.0, 15.0, 15.0, 15.0, 15.0, 15.0, 15.0, 15.0, 15.0, 15.0, 15.0, 15.0, 15.0, 15.0, 15.0, 15.0, 15.0, 15.0, 15.0, 15.0, 15.0, 15.0, 15.0, 15.0, 15.0, 15.0, 15.0, 15.0, 15.0, 15.0, 15.0, 15.0, 15.0, 15.0, 15.0, 15.0, 15.0, 15.0, 15.0, 15.0, 15.0, 15.0, 15.0, 15.0, 15.0, 15.0, 15.0, 15.0, 15.0, 15.0, 15.0, 15.0, 15.0, 15.0, 15.0, 15.0, 15.0, 15.0, 15.0, 15.0, 15.0, 15.0, 15.0, 15.0, 15.0, 15.0, 15.0, 15.0, 15.0, 15.0, 15.0, 15.0, 15.0, 15.0, 15.0, 15.0, 15.0, 15.0, 15.0, 15.0, 15.0, 15.0, 15.0, 15.0, 15.0, 15.0, 15.0, 15.0, 15.0, 15.0, 15.0, 15.0, 15.0, 15.0, 15.0, 15.0, 15.0, 15.0, 15.0, 15.0, 15.0, 15.0, 15.0, 15.0, 15.0, 15.0, 15.0, 15.0, 15.0, 15.0, 15.0, 15.0, 15.0, 15.0, 15.0, 15.0, 15.0, 15.0, 15.0, 15.0, 15.0, 15.0, 15.0, 15.0, 15.0, 15.0, 15.0];[4, 4, 4, 4, 4, 4, 4, 4, 4, 4, 4, 4, 4, 4, 4, 4, 4, 4, 4, 4, 4, 4, 4, 4, 4, 4, 4, 4, 4, 4, 4, 4, 4, 4, 4, 4, 4, 4, 4, 4, 4, 4, 4, 4, 4, 4, 4, 4, 4, 4, 4, 4, 4, 4, 4, 4, 4, 4, 4, 4, 4, 4, 4, 4, 4, 4, 4, 4, 4, 4, 4, 4, 4, 4, 4, 4, 4, 4, 4, 4, 4, 4, 4, 4, 4, 4, 4, 4, 4, 4, 4, 4, 4, 4, 4, 4, 4, 4, 4, 4, 4, 4, 4, 4, 4, 4, 4, 4, 4, 4, 4, 4, 4, 4, 4, 4, 4, 4, 4, 4, 4, 4, 4, 4, 4, 4, 4, 4, 4, 4, 4, 4, 4, 4, 4, 4, 4, 4, 4, 4, 4, 4, 4, 4, 4, 4, 4, 4, 4, 4, 4, 4, 4, 4, 4, 4, 4, 4, 4, 4, 4, 4, 4, 4, 4, 4, 4, 4, 4, 4, 4, 4, 4, 4, 4, 4, 4, 4, 4, 4, 4, 4, 4, 4, 4, 4, 4, 4, 4, 4, 4, 4, 4, 4, 4, 4, 4, 4, 4, 4, 4, 4, 4, 4, 4, 4, 4, 4, 4, 4, 4, 4, 4, 4, 4, 4, 4, 4, 4, 4, 4, 4, 4, 4, 4, 4, 4, 4, 4, 4, 4, 4, 4, 4, 4, 4, 4, 4, 4, 4, 4, 4, 4, 4, 4, 4, 4, 4, 4, 4, 4, 4, 4, 4, 4, 4, 4, 4, 4, 4, 4, 4, 4, 4, 4, 4, 4, 4, 4, 4, 4, 4, 4, 4, 4, 4, 4, 4, 4, 4, 4, 4, 4, 4, 4, 4, 4, 4, 4, 4, 4, 4, 4, 4, 4, 4, 4, 4, 4, 4, 4, 4, 4, 4, 4, 4, 4, 4, 4, 4, 4, 4, 4, 4, 4, 4, 4, 4, 4, 4, 4, 4, 4, 4, 4, 4, 4, 4, 4, 4, 4, 4, 4, 4, 4, 4];[3, 3, 3, 3, 3, 3, 3, 3, 3, 3, 3, 3, 3, 3, 3, 3, 3, 3, 3, 3, 3, 3, 3, 3, 3, 3, 3, 3, 3, 3, 3, 3, 3, 3, 3, 3, 3, 3, 3, 3, 3, 3, 3, 3, 3, 3, 3, 3, 3, 3, 3, 3, 3, 3, 3, 3, 3, 3, 3, 3, 3, 3, 3, 3, 3, 3, 3, 3, 3, 3, 3, 3, 3, 3, 3, 3, 3, 3, 3, 3, 3, 3, 3, 3, 3, 3, 3, 3, 3, 3, 3, 3, 3, 3, 3, 3, 3, 3, 3, 3, 3, 3, 3, 3, 3, 3, 3, 3, 3, 3, 3, 3, 3, 3, 3, 3, 3, 3, 3, 3, 3, 3, 3, 3, 3, 3, 3, 3, 3, 3, 3, 3, 3, 3, 3, 3, 3, 3, 3, 3, 3, 3, 3, 3, 3, 3, 3, 3, 3, 3, 3, 3, 3, 3, 3, 3, 3, 3, 3, 3, 3, 3, 3, 3, 3, 3, 3, 3, 3, 3, 3, 3, 3, 3, 3, 3, 3, 3, 3, 3, 3, 3, 3, 3, 3, 3, 3, 3, 3, 3, 3, 3, 3, 3, 3, 3, 3, 3, 3, 3, 3, 3, 3, 3, 3, 3, 3, 3, 3, 3, 3, 3, 3, 3, 3, 3, 3, 3, 3, 3, 3, 3, 3, 3, 3, 3, 3, 3, 3, 3, 3, 3, 3, 3, 3, 3, 3, 3, 3, 3, 3, 3, 3, 3, 3, 3, 3, 3, 3, 3, 3, 3, 3, 3, 3, 3, 3, 3, 3, 3, 3, 3, 3, 3, 3, 3, 3, 3, 3, 3, 3, 3, 3, 3, 3, 3, 3, 3, 3, 3, 3, 3, 3, 3, 3, 3, 3, 3, 3, 3, 3, 3, 3, 3, 3, 3, 3, 3, 3, 3, 3, 3, 3, 3, 3, 3, 3, 3, 3, 3, 3, 3, 3, 3, 3, 3, 3, 3, 3, 3, 3, 3, 3, 3, 3, 3, 3, 3, 3, 3, 3, 3, 3, 3, 3, 3];57;10;1;9.345266164257572;9.43416502628624;-13.406987563175127;-13.422873663667183;350.0;10.0;TX_0001
0.9;50;[0, 0.03, 0.06, 0.09, 0.12, 0.15, 0.18, 0.21, 0.24, 0.27, 0.3, 0.32999999999999996, 0.36, 0.39, 0.42, 0.44999999999999996, 0.48, 0.51, 0.54, 0.57, 0.6, 0.63, 0.6599999999999999, 0.69, 0.72, 0.75, 0.78, 0.8099999999999999, 0.84, 0.87, 0.8999999999999999, 0.9299999999999999, 0.96, 0.99, 1.02, 1.05, 1.08, 1.1099999999999999, 1.14, 1.17, 1.2, 1.23, 1.26, 1.29, 1.3199999999999998, 1.3499999999999999, 1.38, 1.41, 1.44, 1.47, 1.5, 1.53, 1.56, 1.5899999999999999, 1.6199999999999999, 1.65, 1.68, 1.71, 1.74, 1.77, 1.7999999999999998, 1.8299999999999998, 1.8599999999999999, 1.89, 1.92, 1.95, 1.98, 2.01, 2.04, 2.07, 2.1, 2.13, 2.16, 2.19, 2.2199999999999998, 2.25, 2.28, 2.31, 2.34, 2.37, 2.4, 2.4299999999999997, 2.46, 2.4899999999999998, 2.52, 2.55, 2.58, 2.61, 2.6399999999999997, 2.67, 2.6999999999999997, 2.73, 2.76, 2.79, 2.82, 2.85, 2.88, 2.9099999999999997, 2.94, 2.9699999999999998, 3.0, 3.03, 3.06, 3.09, 3.12, 3.15, 3.1799999999999997, 3.21, 3.2399999999999998, 3.27, 3.3, 3.33, 3.36, 3.3899999999999997, 3.42, 3.4499999999999997, 3.48, 3.51, 3.54, 3.57, 3.5999999999999996, 3.63, 3.6599999999999997, 3.69, 3.7199999999999998, 3.75, 3.78, 3.81, 3.84, 3.8699999999999997, 3.9, 3.9299999999999997, 3.96, 3.9899999999999998, 4.02, 4.05, 4.08, 4.109999999999999, 4.14, 4.17, 4.2, 4.2299999999999995, 4.26, 4.29, 4.32, 4.35, 4.38, 4.41, 4.4399999999999995, 4.47, 4.5, 4.53, 4.56, 4.59, 4.62, 4.6499999999999995, 4.68, 4.71, 4.74, 4.77, 4.8, 4.83, 4.859999999999999, 4.89, 4.92, 4.95, 4.9799999999999995, 5.01, 5.04, 5.069999999999999, 5.1, 5.13, 5.16, 5.1899999999999995, 5.22, 5.25, 5.279999999999999, 5.31, 5.34, 5.37, 5.3999999999999995, 5.43, 5.46, 5.49, 5.52, 5.55, 5.58, 5.609999999999999, 5.64, 5.67, 5.7, 5.7299999999999995, 5.76, 5.79, 5.819999999999999, 5.85, 5.88, 5.91, 5.9399999999999995, 5.97, 6.0, 6.029999999999999, 6.06, 6.09, 6.12, 6.1499999999999995, 6.18, 6.21, 6.24, 6.27, 6.3, 6.33, 6.359999999999999, 6.39, 6.42, 6.45, 6.4799999999999995, 6.51, 6.54, 6.569999999999999, 6.6, 6.63, 6.66, 6.6899999999999995, 6.72, 6.75, 6.779999999999999, 6.81, 6.84, 6.87, 6.8999999999999995, 6.93, 6.96, 6.989999999999999, 7.02, 7.05, 7.08, 7.109999999999999, 7.14, 7.17, 7.199999999999999, 7.2299999999999995, 7.26, 7.29, 7.319999999999999, 7.35, 7.38, 7.41, 7.4399999999999995, 7.47, 7.5, 7.529999999999999, 7.56, 7.59, 7.62, 7.6499999999999995, 7.68, 7.71, 7.739999999999999, 7.77, 7.8, 7.83, 7.859999999999999, 7.89, 7.92, 7.949999999999999, 7.9799999999999995, 8.01, 8.04, 8.07, 8.1, 8.129999999999999, 8.16, 8.19, 8.219999999999999, 8.25, 8.28, 8.31, 8.34, 8.37, 8.4, 8.43, 8.459999999999999, 8.49, 8.52, 8.549999999999999, 8.58, 8.61, 8.64, 8.67, 8.7, 8.73, 8.76, 8.79, 8.82, 8.85, 8.879999999999999, 8.91, 8.94, 8.969999999999999, 9.0, 9.03, 9.06, 9.09, 9.12, 9.15, 9.18, 9.209999999999999, 9.24, 9.27, 9.299999999999999, 9.33, 9.36, 9.389999999999999, 9.42, 9.45, 9.48, 9.51, 9.54, 9.57, 9.6, 9.629999999999999, 9.66, 9.69, 9.719999999999999, 9.75, 9.78, 9.81, 9.84, 9.87, 9.9, 9.93, 9.959999999999999, 9.99, 10.02, 10.049999999999999, 10.08, 10.11, 10.139999999999999, 10.17, 10.2, 10.23, 10.26, 10.29, 10.32, 10.35, 10.379999999999999, 10.41, 10.44, 10.469999999999999, 10.5, 10.53, 10.559999999999999, 10.59, 10.62, 10.65, 10.68, 10.709999999999999, 10.74, 10.77, 10.799999999999999, 10.83, 10.86, 10.889999999999999, 10.92, 10.95, 10.98];[16, 16, 17, 17, 17, 18, 18, 18, 18, 19, 19, 19, 20, 20, 20, 20, 21, 21, 21, 22, 22, 22, 23, 23, 23, 24, 24, 24, 24, 25, 25, 25, 26, 26, 26, 26, 27, 27, 27, 28, 28, 28, 29, 29, 29, 30, 30, 30, 30, 31, 31, 31, 32, 32, 32, 32, 33, 33, 33, 34, 34, 34, 35, 35, 35, 36, 36, 36, 36, 37, 37, 37, 38, 38, 38, 38, 39, 39, 39, 40, 40, 40, 41, 41, 41, 42, 42, 42, 42, 43, 43, 43, 44, 44, 44, 44, 45, 45, 45, 46, 46, 46, 47, 47, 47, 48, 48, 48, 48, 49, 49, 49, 50, 50, 50, 50, 51, 51, 51, 52, 52, 52, 53, 53, 53, 54, 54, 54, 54, 55, 55, 55, 56, 56, 56, 56, 57, 57, 57, 58, 58, 58, 59, 59, 59, 60, 60, 60, 60, 61, 61, 61, 62, 62, 62, 62, 63, 63, 63, 64, 64, 64, 65, 65, 65, 66, 66, 66, 66, 67, 67, 67, 68, 68, 68, 68, 69, 69, 69, 70, 70, 70, 71, 71, 71, 72, 72, 72, 72, 73, 73, 73, 74, 74, 74, 74, 75, 75, 75, 76, 76, 76, 77, 77, 77, 78, 78, 78, 78, 79, 79, 79, 80, 80, 80, 80, 81, 81, 81, 82, 82, 82, 83, 83, 83, 84, 84, 84, 84, 85, 85, 85, 86, 86, 86, 86, 87, 87, 87, 88, 88, 88, 89, 89, 89, 90, 90, 90, 90, 91, 91, 91, 92, 92, 92, 92, 93, 93, 93, 94, 94, 94, 95, 95, 95, 96, 96, 96, 96, 97, 97, 97, 98, 98, 98, 98, 99, 99, 99, 100, 100, 100, 101, 101, 101, 101, 102, 102, 102, 103, 103, 103, 104, 104, 104, 104, 105, 105, 105, 106, 106, 106, 107, 107, 107, 108, 108, 108, 108, 109, 109, 109, 110, 110, 110, 110, 111, 111, 111, 112, 112, 112, 113, 113, 113, 114, 114, 114, 114, 115, 115, 115, 116, 116, 116, 116, 117, 117, 117, 118, 118, 118, 119, 119, 119, 120, 120, 120, 120, 121, 121, 121, 122, 122, 122, 122, 123, 123, 123, 124, 124, 124, 125, 125, 125, 126, 126];[15.0, 15.0, 15.0, 15.0, 15.0, 15.0, 15.0, 15.0, 15.0, 15.0, 15.0, 15.0, 15.0, 15.0, 15.0, 15.0, 15.0, 15.0, 15.0, 15.0, 15.0, 15.0, 15.0, 15.0, 15.0, 15.0, 15.0, 15.0, 15.0, 15.0, 15.0, 15.0, 15.0, 15.0, 15.0, 15.0, 15.0, 15.0, 15.0, 15.0, 15.0, 15.0, 15.0, 15.0, 15.0, 15.0, 15.0, 15.0, 15.0, 15.0, 15.0, 15.0, 15.0, 15.0, 15.0, 15.0, 15.0, 15.0, 15.0, 15.0, 15.0, 15.0, 15.0, 15.0, 15.0, 15.0, 15.0, 15.0, 15.0, 15.0, 15.0, 15.0, 15.0, 15.0, 15.0, 15.0, 15.0, 15.0, 15.0, 15.0, 15.0, 15.0, 15.0, 15.0, 15.0, 15.0, 15.0, 15.0, 15.0, 15.0, 15.0, 15.0, 15.0, 15.0, 15.0, 15.0, 15.0, 15.0, 15.0, 15.0, 15.0, 15.0, 15.0, 15.0, 15.0, 15.0, 15.0, 15.0, 15.0, 15.0, 15.0, 15.0, 15.0, 15.0, 15.0, 15.0, 15.0, 15.0, 15.0, 15.0, 15.0, 15.0, 15.0, 15.0, 15.0, 15.0, 15.0, 15.0, 15.0, 15.0, 15.0, 15.0, 15.0, 15.0, 15.0, 15.0, 15.0, 15.0, 15.0, 15.0, 15.0, 15.0, 15.0, 15.0, 15.0, 15.0, 15.0, 15.0, 15.0, 15.0, 15.0, 15.0, 15.0, 15.0, 15.0, 15.0, 15.0, 15.0, 15.0, 15.0, 15.0, 15.0, 15.0, 15.0, 15.0, 15.0, 15.0, 15.0, 15.0, 15.0, 15.0, 15.0, 15.0, 15.0, 15.0, 15.0, 15.0, 15.0, 15.0, 15.0, 15.0, 15.0, 15.0, 15.0, 15.0, 15.0, 15.0, 15.0, 15.0, 15.0, 15.0, 15.0, 15.0, 15.0, 15.0, 15.0, 15.0, 15.0, 15.0, 15.0, 15.0, 15.0, 15.0, 15.0, 15.0, 15.0, 15.0, 15.0, 15.0, 15.0, 15.0, 15.0, 15.0, 15.0, 15.0, 15.0, 15.0, 15.0, 15.0, 15.0, 15.0, 15.0, 15.0, 15.0, 15.0, 15.0, 15.0, 15.0, 15.0, 15.0, 15.0, 15.0, 15.0, 15.0, 15.0, 15.0, 15.0, 15.0, 15.0, 15.0, 15.0, 15.0, 15.0, 15.0, 15.0, 15.0, 15.0, 15.0, 15.0, 15.0, 15.0, 15.0, 15.0, 15.0, 15.0, 15.0, 15.0, 15.0, 15.0, 15.0, 15.0, 15.0, 15.0, 15.0, 15.0, 15.0, 15.0, 15.0, 15.0, 15.0, 15.0, 15.0, 15.0, 15.0, 15.0, 15.0, 15.0, 15.0, 15.0, 15.0, 15.0, 15.0, 15.0, 15.0, 15.0, 15.0, 15.0, 15.0, 15.0, 15.0, 15.0, 15.0, 15.0, 15.0, 15.0, 15.0, 15.0, 15.0, 15.0, 15.0, 15.0, 15.0, 15.0, 15.0, 15.0, 15.0, 15.0, 15.0, 15.0, 15.0, 15.0, 15.0, 15.0, 15.0, 15.0, 15.0, 15.0, 15.0, 15.0, 15.0, 15.0, 15.0, 15.0, 15.0, 15.0, 15.0, 15.0, 15.0, 15.0, 15.0, 15.0, 15.0, 15.0, 15.0, 15.0, 15.0, 15.0, 15.0, 15.0, 15.0, 15.0, 15.0, 15.0, 15.0, 15.0, 15.0, 15.0, 15.0, 15.0, 15.0, 15.0, 15.0, 15.0, 15.0, 15.0, 15.0, 15.0, 15.0, 15.0, 15.0, 15.0, 15.0, 15.0, 15.0, 15.0, 15.0, 15.0];[4, 4, 4, 4, 4, 4, 4, 4, 4, 4, 4, 4, 4, 4, 4, 4, 4, 4, 4, 4, 4, 4, 4, 4, 4, 4, 4, 4, 4, 4, 4, 4, 4, 4, 4, 4, 4, 4, 4, 4, 4, 4, 4, 4, 4, 4, 4, 4, 4, 4, 4, 4, 4, 4, 4, 4, 4, 4, 4, 4, 4, 4, 4, 4, 4, 4, 4, 4, 4, 4, 4, 4, 4, 4, 4, 4, 4, 4, 4, 4, 4, 4, 4, 4, 4, 4, 4, 4, 4, 4, 4, 4, 4, 4, 4, 4, 4, 4, 4, 4, 4, 4, 4, 4, 4, 4, 4, 4, 4, 4, 4, 4, 4, 4, 4, 4, 4, 4, 4, 4, 4, 4, 4, 4, 4, 4, 4, 4, 4, 4, 4, 4, 4, 4, 4, 4, 4, 4, 4, 4, 4, 4, 4, 4, 4, 4, 4, 4, 4, 4, 4, 4, 4, 4, 4, 4, 4, 4, 4, 4, 4, 4, 4, 4, 4, 4, 4, 4, 4, 4, 4, 4, 4, 4, 4, 4, 4, 4, 4, 4, 4, 4, 4, 4, 4, 4, 4, 4, 4, 4, 4, 4, 4, 4, 4, 4, 4, 4, 4, 4, 4, 4, 4, 4, 4, 4, 4, 4, 4, 4, 4, 4, 4, 4, 4, 4, 4, 4, 4, 4, 4, 4, 4, 4, 4, 4, 4, 4, 4, 4, 4, 4, 4, 4, 4, 4, 4, 4, 4, 4, 4, 4, 4, 4, 4, 4, 4, 4, 4, 4, 4, 4, 4, 4, 4, 4, 4, 4, 4, 4, 4, 4, 4, 4, 4, 4, 4, 4, 4, 4, 4, 4, 4, 4, 4, 4, 4, 4, 4, 4, 4, 4, 4, 4, 4, 4, 4, 4, 4, 4, 4, 4, 4, 4, 4, 4, 4, 4, 4, 4, 4, 4, 4, 4, 4, 4, 4, 4, 4, 4, 4, 4, 4, 4, 4, 4, 4, 4, 4, 4, 4, 4, 4, 4, 4, 4, 4, 4, 4, 4, 4, 4, 4, 4, 4, 4, 4, 4, 4, 4, 4, 4, 4, 4, 4, 4, 4, 4, 4, 4, 4, 4, 4, 4, 4, 4, 4, 4, 4, 4, 4, 4, 4, 4, 4, 4, 4];[3, 3, 3, 3, 3, 3, 3, 3, 3, 3, 3, 3, 3, 3, 3, 3, 3, 3, 3, 3, 3, 3, 3, 3, 3, 3, 3, 3, 3, 3, 3, 3, 3, 3, 3, 3, 3, 3, 3, 3, 3, 3, 3, 3, 3, 3, 3, 3, 3, 3, 3, 3, 3, 3, 3, 3, 3, 3, 3, 3, 3, 3, 3, 3, 3, 3, 3, 3, 3, 3, 3, 3, 3, 3, 3, 3, 3, 3, 3, 3, 3, 3, 3, 3, 3, 3, 3, 3, 3, 3, 3, 3, 3, 3, 3, 3, 3, 3, 3, 3, 3, 3, 3, 3, 3, 3, 3, 3, 3, 3, 3, 3, 3, 3, 3, 3, 3, 3, 3, 3, 3, 3, 3, 3, 3, 3, 3, 3, 3, 3, 3, 3, 3, 3, 3, 3, 3, 3, 3, 3, 3, 3, 3, 3, 3, 3, 3, 3, 3, 3, 3, 3, 3, 3, 3, 3, 3, 3, 3, 3, 3, 3, 3, 3, 3, 3, 3, 3, 3, 3, 3, 3, 3, 3, 3, 3, 3, 3, 3, 3, 3, 3, 3, 3, 3, 3, 3, 3, 3, 3, 3, 3, 3, 3, 3, 3, 3, 3, 3, 3, 3, 3, 3, 3, 3, 3, 3, 3, 3, 3, 3, 3, 3, 3, 3, 3, 3, 3, 3, 3, 3, 3, 3, 3, 3, 3, 3, 3, 3, 3, 3, 3, 3, 3, 3, 3, 3, 3, 3, 3, 3, 3, 3, 3, 3, 3, 3, 3, 3, 3, 3, 3, 3, 3, 3, 3, 3, 3, 3, 3, 3, 3, 3, 3, 3, 3, 3, 3, 3, 3, 3, 3, 3, 3, 3, 3, 3, 3, 3, 3, 3, 3, 3, 3, 3, 3, 3, 3, 3, 3, 3, 3, 3, 3, 3, 3, 3, 3, 3, 3, 3, 3, 3, 3, 3, 3, 3, 3, 3, 3, 3, 3, 3, 3, 3, 3, 3, 3, 3, 3, 3, 3, 3, 3, 3, 3, 3, 3, 3, 3, 3, 3, 3, 3, 3, 3, 3, 3, 3, 3, 3, 3, 3, 3, 3, 3, 3, 3, 3, 3, 3, 3, 3, 3, 3, 3, 3, 3, 3, 3, 3, 3, 3, 3, 3, 3, 3];57;10;1;9.345266164257572;9.442416118270938;-13.406987563175127;-13.424348122096086;350.0;11.0;TX_0001
